State Corporation Commission - Bureau of Insurance - Financial Regulation
2025 Financial Data for Domestic Property and Casualty Insurers
COCODE Company Name ADMITTED ASSETS LIABILITIES SURPLUS
NET PREMIUM 
WRITTEN PREMIUMS EARNED LOSSES INCURRED
LOSS ADJ EXPENSES 
INCURRED NET U/W GAIN
13688 Elephant Ins Co 215,991,111$                140,704,816$    75,286,295$    210,799,543$    173,584,057$    104,045,184$    24,155,808$    21,091,778$    
15922 FBAlliance Ins Inc 4,274,492 203,539 4,070,953 - - - - - 
28932 Markel Amer Ins Co 2,108,226,958              1,465,250,456             642,976,502                505,555,067               505,095,196 245,083,757              61,413,252 12,042,781              
10121 Penn Patriot Ins Co 252,529,198                   205,264,363                  47,264,835                   38,780,204                  38,877,213 18,710,148                 4,570,135 (206,234) 
33812 Reciprocal of America Financial Data Unavailable, License Restricted
42595 Rockingham Cas Co 46,933,259 32,403,319 14,529,940                   12,029,035                  13,724,503 9,229,691 3,613,379 (5,253,771)               
10214 Rockingham Ins Co 131,241,596                   98,507,468 32,734,128                   17,291,739                  19,728,978 13,267,679                 5,194,234 (7,552,301)               
16650 Rockingham Specialty Inc 37,899,430 21,970,889 15,928,541                   8,269,961 9,435,595 6,345,410 2,484,195 (3,611,963)               
26867 Southern Ins Co Of VA 245,575,106                   161,231,218                  84,343,888                   146,908,045               149,998,999 80,391,308                 11,676,749 11,722,738              
15709 Southern States Ins Exch 42,899,637 24,825,474 18,074,165                   16,939,870                  16,352,367 7,693,681 2,452,969 413,369 
13060 Virginia Builders Ins Co 20,290,478 1,813,969 18,476,509                   - - - - - 
26026 Virginia Farm Bureau Fire & Cas Ins 136,004,994                   105,504,274                  30,500,720                   55,974,325                  51,949,405 30,077,931                 3,807,382 4,425,150                 
26034 Virginia Farm Bureau Mut Ins Co 702,938,804                   321,034,417                  381,904,387                348,297,058               342,083,243 192,268,966              20,731,895 24,829,535              
10086 Virginia Farm Bureau Town & Cntry 100,555,887                   66,833,970 33,721,917                   51,573,350                  51,949,405 30,074,999                 3,807,366 4,445,989                 
Totals 4,045,360,950$    2,645,548,172$     1,399,812,780$     1,412,418,197$    1,372,778,961$     737,188,754$    143,907,364$    62,347,071$    
Number of Companies 14
____________
June 1, 2026
__________
Page 1 of 1
State Corporation Commission - Bureau of Insurance - Financial Regulation 
2025 Financial Data for Foreign Property and Casualty Insurers
Cocode Company Name ADMITTED ASSETS LIABILITIES SURPLUS
NET PREMIUM 
WRITTEN PREMIUMS EARNED LOSSES INCURRED
LOSS ADJ EXPENSE 
INCURRED NET U/W GAIN
16862 1842 Ins Co 9,406,510$       264,322$        9,142,188$        -$     -$  -$  -$  314,182$     
10750 1st Choice Advantage Ins Co Inc 37,334,593  17,813,021  19,521,572  15,332,736  16,861,839  4,853,744  1,209,775  5,493,000  
36404 21st Century Cas Co 42,116,380  28,193,846  13,922,534  -  -  -  -  -  
34789 21st Century Centennial Ins Co 251,027,946 8,063,226  242,964,720 -  -  -  -  -  
12963 21st Century Ins Co 1,242,751,344 5,373,675  1,237,377,669                   -  -  -  -  -  
32220 21st Century N Amer Ins Co 698,593,022 5,512,807  693,080,215 -  -  317,656  54,280  (371,936)  
20796 21st Century Premier Ins Co 125,949,066 7,330,953  118,618,113 -  -  -  -  -  
19984 ACIG Ins Co 864,335,635 637,587,871 226,747,764 275,464,435 223,548,276 130,414,255 30,621,261  16,082,496                  
35963 AF&L Ins Co 62,051,096  49,907,416  12,143,680  4,858,214  6,751,207  10,459,071  134,197  (1,723,397)                   
22837 AGCS Marine Ins Co 359,793,239 168,052,630 191,740,609 -  -  -  -  -  
40258 AIG Assur Co 27,507,374  130,475  27,376,898  -  -  -  -  -  
19402 AIG Prop Cas Co 114,732,008 62,009,196  52,722,812  -  -  -  -  -  
19399 AIU Ins Co 95,648,303  21,054,375  74,593,927  -  -  -  -  -  
32450 ALPS Prop & Cas  Ins  Co 202,518,790 123,298,532 79,220,258  53,373,868  47,164,903  13,384,459  14,289,235  1,934,171  
40266 ARCH Mortgage Ins Co 1,951,313,759 1,630,255,292 321,058,467 167,864,042 172,698,118 (3,243,793)  1,340,600  289,141,197               
13900 ARI Ins Co 42,363,224  1,638,285  40,724,939  -  -  -  -  -  
19518 AXA XL Ins Co Americas 87,174,098  13,112,915  74,061,183  -  -  -  -  -  
20370 AXIS Reins Co 3,505,230,185 2,431,937,995 1,073,292,189                   669,398,135 671,014,016 432,268,474 39,765,088  (13,453,189)                
15610 AXIS Specialty Ins Co 27,381,571  6,643,208  20,738,362  -  -  297,986  (297,986)  (388,877)  
31325 Acadia Ins Co 238,880,642 177,708,882 61,171,760  -  -  -  -  -  
10220 Accelerant Natl Ins Co 778,778,314 668,132,539 110,645,775 42,878,135  18,801,098  11,617,308  2,731,789  (12,386,741)                
10349 Acceptance Cas Ins Co 317,853,460 185,239,743 132,613,718 126,393,066 127,361,192 55,220,147  18,082,912  1,458,976  
12304 Accident Fund Gen Ins Co 296,946,618 170,118,638 126,827,980 -  -  -  -  78,506  
10166 Accident Fund Ins Co of Amer 6,458,067,658 4,343,446,928 2,114,620,730                   2,233,534,711                  2,121,396,014                1,162,847,225                  276,303,459 19,060,522                  
12305 Accident Fund Natl Ins Co 176,465,800 79,328,817  97,136,983  -  -  -  -  11,333  
26379 Accredited Surety & Cas Co Inc 565,458,868 482,955,498 82,503,370  28,922,192  30,945,566  32,541,305  5,110,617  2,045,561  
22667 Ace Amer Ins Co 35,646,626,831                  29,923,399,338 5,723,227,493                   6,841,786,819                  6,549,530,444                3,984,195,513                  765,964,306 155,372,762               
20702 Ace Fire Underwriters Ins Co 144,914,574 51,198,730  93,715,844  -  -  -  -  -  
20699 Ace Prop & Cas Ins Co 18,514,681,997                  14,401,325,339 4,113,356,658                   5,473,429,480                  5,239,624,357                3,187,356,410                  612,771,497 124,298,107               
22950 Acstar Ins Co 38,618,704  18,878,185  19,740,519  751,795  998,706  (125,061)  (41,611)  (92,374)  
14184 Acuity A Mut Ins Co 8,271,443,286 4,569,337,583 3,702,105,703                   3,230,191,973                  3,100,927,017                1,724,922,280                  284,697,340 89,573,558                  
44318 Admiral Ind Co 87,912,724  37,106,857  50,805,867  -  -  -  -  -  
33898 Aegis Security Ins Co 129,820,360 82,780,008  47,040,352  74,193,886  66,343,848  48,722,376  9,608,394  (9,596,675)                   
10014 Affiliated Fm Ins Co 6,478,057,185 2,101,400,060 4,376,657,125                   814,786,587 816,315,425 412,900,914 11,148,055  133,874,388               
35173 Agency Ins Co Of MD Inc 786,117,255 554,118,961 231,998,297 449,551,412 442,808,076 270,950,073 28,900,163  54,505,333                  
42757 Agri Gen Ins Co 585,173,151 394,522  584,778,629 -  -  -  -  -  
10957 Alamance Ins Co 617,190,795 163,686,085 453,504,710 59,646,412  62,830,701  25,446,476  14,013,356  224,421  
38733 Alaska Natl Ins Co 1,258,935,878 704,247,992 554,687,886 298,494,210 311,964,137 175,955,636 56,007,094  (26,629,547)                
24899 Alea North America Ins Co 59,796,923  22,200,754  37,596,169  13 13 (123,306)  471,222  (4,250,638)                   
____________
June 1, 2026
__________
Page 1 of 26
State Corporation Commission - Bureau of Insurance - Financial Regulation 
2025 Financial Data Foreign Property and Casualty Insurers
Cocode Company Name ADMITTED ASSETS LIABILITIES SURPLUS
NET PREMIUM 
WRITTEN PREMIUMS EARNED LOSSES INCURRED
LOSS ADJ EXPENSE 
INCURRED NET U/W GAIN
20222 All Amer Ins Co 431,693,128 235,339,535 196,353,593 148,032,644 150,379,236 85,299,559  12,570,937  807,788  
13285 Allegheny Cas Co 73,086,870  36,663,024  36,423,846  58,144,181  56,204,421  527,133  746,755  1,323,532  
13016 AlleghenyPoint Ins Co 103,840,690 72,774,763  31,065,927  19,799,222  19,839,191  10,454,395  3,102,469  370,200  
35300 Allianz Global Risks US Ins Co 8,696,617,494 6,105,430,636 2,591,186,858                   1,576,726,785                  1,473,842,651                952,652,331 52,379,610  (58,191,900)                
11242 Allied Eastern Ind Co 102,701,958 89,902,223  12,799,735  24,515,756  23,861,075  15,375,706  2,657,467  (2,120,638)                   
10127 Allied Ins Co of Amer 33,948,710  15,968,134  17,980,576  -  -  -  -  -  
42579 Allied Prop & Cas Ins Co 98,711,930  32,980,511  65,731,419  -  -  -  -  -  
22730 Allied World Ins Co 7,247,531,487 3,644,180,829 3,603,350,658                   1,460,579,721                  1,454,808,865                858,403,650 144,749,980 113,975,871               
10690 Allied World Natl Assur Co 1,350,519,280 956,431,587 394,087,693 324,573,271 323,290,858 190,756,367 32,166,662  25,327,972                  
16624 Allied World Specialty Ins Co 3,349,504,762 1,959,787,172 1,389,717,590                   811,433,178 808,227,146 476,890,917 80,416,655  63,319,929                  
10212 Allmerica Fin Alliance Ins Co 32,450,494  38,198  32,412,296  -  -  -  -  -  
41840 Allmerica Fin Benefit Ins Co 120,523,283 218,359  120,304,924 -  -  -  -  -  
29688 Allstate Fire & Cas Ins Co 42,424,641  7,713,452  34,711,189  -  -  -  -  -  
19240 Allstate Ind Co 47,953,934  11,237,180  36,716,754  -  -  -  -  -  
19232 Allstate Ins Co 76,964,625,839                  56,215,981,375 20,748,644,464                55,031,763,647                52,969,367,716             29,950,625,503               3,937,310,908               6,276,011,813           
11110 Allstate N Amer Ins Co 20,303,988  653,097  19,650,891  -  -  -  -  -  
36455 Allstate Northbrook Ind Co 56,699,602  650,176  56,049,426  -  -  -  -  -  
17230 Allstate Prop & Cas Ins Co 43,368,282  15,417,766  27,950,516  -  -  -  -  -  
37907 Allstate Vehicle & Prop Ins Co 96,417,147  46,561,301  49,855,846  -  -  -  -  -  
38156 Alpha Prop & Cas Ins Co 17,134,579  1,726,011  15,408,568  -  -  -  -  -  
16459 AmFed Advantage Ins Co 20,932,083  576,744  20,355,339  -  -  -  -  13,905  
11963 AmFed Cas Ins Co 53,763,059  15,107,087  38,655,972  -  -  -  -  275,329  
11208 AmFed Natl Ins Co 192,830,127 132,282,710 60,547,417  71,423,022  73,193,660  61,472,392  16,099,705  (32,577,887)                
15590 AmShield Ins Co 34,626,101  19,594,623  15,031,476  (874,856)  -  -  -  -  
15954 AmTrust Ins Co 65,762,471  1,844,310  63,918,161  -  -  -  -  -  
18708 Ambac Assur Corp 1,692,447,848 869,506,808 822,941,040 9,907,582  13,708,562  47,143,711  (707,756)  (122,598,028)             
19100 Amco Ins Co 465,498,361 255,339,651 210,158,710 -  -  -  -  -  
12548 American Agri Business Ins Co 2,418,957,745 2,360,155,458 58,802,287  -  -  -  -  15,940,895                  
10103 American Agricultural Ins Co 2,030,710,055 1,142,659,576 888,050,479 576,737,675 578,968,468 388,613,146 18,955,105  111,261,136               
19720 American Alt Ins Corp 657,164,436 448,975,630 208,188,806 -  -  -  -  38,291,828                  
21849 American Automobile Ins Co 161,038,981 69,998,721  91,040,260  -  -  -  -  -  
10111 American Bankers Ins Co Of FL 3,121,162,968 2,487,305,682 633,857,286 1,612,021,949                  1,476,260,156                544,098,927 47,634,366  207,958,950               
11240 American Builders Ins Co 134,754,008 64,836,022  69,917,986  -  -  -  -  -  
20427 American Cas Co Of Reading PA 89,393,809  25,335  89,368,474  -  -  -  -  -  
19941 American Commerce Ins Co 390,703,433 268,144,045 122,559,388 224,888,661 221,477,331 129,859,300 25,196,898  5,834,539  
45934 American Compensation Ins Co 31,190,820  2,168,755  29,022,065  -  -  -  -  -  
10216 American Contractors Ind Co 1,015,471,575 895,385,680 120,085,895 115,656,106 115,279,193 60,686,055  9,191,505  7,021,170  
19690 American Economy Ins Co 21,822,947  181,511  21,641,436  -  -  -  -  -  
37990 American Empire Ins Co 21,864,880  4,839  21,860,041  -  -  -  -  -  
____________
June 1, 2026
__________
Page 2 of 26
State Corporation Commission - Bureau of Insurance - Financial Regulation 
2025 Financial Data for Foreign Property and Casualty Insurers
Cocode Company Name ADMITTED ASSETS LIABILITIES SURPLUS
NET PREMIUM 
WRITTEN PREMIUMS EARNED LOSSES INCURRED
LOSS ADJ EXPENSE 
INCURRED NET U/W GAIN
10819 American Equity Specialty Ins Co 31,415,093  134,440  31,280,653  -  -  -  -  -  
23337 American European Ins Co 269,523,990 169,326,888 100,197,102 66,400,858  64,472,245  24,036,331  5,230,603  1,781,979  
12504 American Family Connect Ins Co 15,247,189  214,442  15,032,747  -  -  -  -  -  
29068 American Family Connect Prop & Cas I 1,311,902,407 697,635,935 614,266,472 -  -  -  -  -  
23450 American Family Home Ins Co 119,247,012 81,464,849  37,782,163  -  -  -  -  3,800,865  
19275 American Family Mut Ins Co SI 36,543,931,222                  23,528,549,693 13,015,381,529                17,287,157,593                17,148,463,750             9,001,796,769                  1,061,310,621               2,489,979,270           
24066 American Fire & Cas Co 47,557,421  820,988  46,736,433  -  -  -  -  -  
26247 American Guar & Liab Ins 287,387,964 106,272,995 181,114,969 -  -  -  -  -  
16561 American Guardian Shield Ins Co 18,784,657  25,584  18,759,073  17,153  4,537  -  -  (468,155)  
43494 American Hallmark Ins Co Of TX 274,255,601 188,931,728 85,323,873  167,498,517 186,898,103 107,354,027 23,355,530  (17,628,618)                
19380 American Home Assur Co 19,593,121,058                  13,675,772,147 5,917,348,911                   4,463,013,715                  4,470,675,939                2,295,264,816                  398,380,545 594,288,201               
31895 American Interstate Ins Co 863,473,914 645,675,941 217,797,973 236,889,646 226,165,055 108,039,295 27,719,333  23,254,562                  
12228 American Interstate Ins Co of TX 80,509,020  57,767,825  22,741,195  15,343,578  14,573,133  7,125,416  1,738,740  1,440,589  
16810 American Mercury Ins Co 238,338,499 76,210,253  162,128,246 -  -  -  -  (179)  
23469 American Modern Home Ins Co 1,835,981,071 1,723,874,159 112,106,911 -  -  -  -  11,243,811                  
42722 American Modern Prop & Cas Ins Co 521,342,177 454,239,775 67,102,401  -  -  -  -  40,624,939                  
39942 American Natl Gen Ins Co 99,165,200  43,376,607  55,788,593  21,193,024  48,025,526  36,253,177  3,515,314  (707,848)  
28401 American Natl Prop & Cas Co 1,630,981,940 865,375,157 765,606,783 451,759,412 790,155,052 514,196,047 66,949,443  (23,947,573)                
12190 American Pet Ins Co 634,196,348 359,144,234 275,052,115 1,221,215,438                  1,205,448,830                840,975,922 96,039,978  60,555,567                  
21806 American Prop Ins Co 63,076,775  39,167,308  23,909,467  27,986,448  26,838,468  7,892,296  2,542,272  6,687,922  
19615 American Reliable Ins Co 41,949,386  25,092,615  16,856,771  -  -  -  -  (130,969)  
19631 American Road Ins Co 952,323,311 499,192,366 453,130,945 185,063,169 176,243,493 119,018,376 8,979,340  26,016,390                  
42978 American Security Ins Co 2,041,174,090 1,474,118,874 567,055,216 1,390,882,549                  1,394,308,530                446,783,698 43,103,805  340,068,647               
19992 American Select Ins Co 414,151,708 246,435,797 167,715,911 161,349,720 155,979,098 73,594,985  12,874,875  13,583,242                  
17965 American Sentinel Ins Co 17,435,782  45,023  17,390,759  -  -  -  -  (285,493)  
41998 American Southern Home Ins Co 107,575,913 77,980,036  29,595,877  -  -  -  -  2,218,924  
10235 American Southern Ins Co 170,606,756 121,918,825 48,687,931  90,433,838  84,504,152  55,418,098  9,835,812  855,727  
19704 American States Ins Co 58,575,834  6,884,707  51,691,127  1  -  -  -  -  
37214 American States Preferred Ins Co 16,664,798  749,318  15,915,480  -  -  -  -  -  
10872 American Strategic Ins Corp 3,194,044,714 2,294,066,613 899,978,101 2,268,117,476                  2,277,327,440                840,504,956 198,741,109 543,427,877               
19623 American Summit Ins Co 159,048,795 70,788,565  88,260,230  23,143,396  24,308,541  14,878,366  3,874,618  549,326  
31380 American Surety Co 537,592,328 43,768,043  493,824,285 21,389,376  16,458,611  4,330,310  1,762,792  (37,923,280)                
10251 American Underwriters Ins Co 20,547,021  79,717  20,467,304  -  -  -  -  (30,693)  
40142 American Zurich Ins Co 368,807,330 165,436,697 203,370,633 -  -  -  -  -  
19488 Amerisure Ins Co 1,018,253,084 796,022,408 222,230,676 274,101,276 267,902,702 153,499,805 43,884,625  (30,644,124)                
23396 Amerisure Mut Ins Co 3,059,516,787 1,790,436,541 1,269,080,246                   612,159,515 598,316,036 342,816,235 98,008,972  (68,438,476)                
11050 Amerisure Partners Ins Co 135,831,488 88,301,999  47,529,489  27,410,128  26,790,271  15,349,980  4,388,468  (3,064,430)                   
27928 Amex Assur Co 235,719,582 69,142,234  166,577,348 227,340,546 227,470,655 137,376,619 12,396,179  48,830,431                  
42390 Amguard Ins Co 1,691,640,762 1,305,163,026 386,477,736 195,156,229 231,846,503 206,345,280 30,219,942  (71,388,110)                
____________
June 1, 2026
__________
Page 3 of 26
State Corporation Commission - Bureau of Insurance - Financial Regulation 
2025 Financial Data for Foreign Property and Casualty Insurers
Cocode Company Name ADMITTED ASSETS LIABILITIES SURPLUS
NET PREMIUM 
WRITTEN PREMIUMS EARNED LOSSES INCURRED
LOSS ADJ EXPENSE 
INCURRED NET U/W GAIN
16379 Amherst Nat Ins Co 27,178,360  9,345,419  17,832,940  5,104,878  10,820,707  1,352,662  270,530  1,891,074  
19976 Amica Mut Ins Co 6,327,320,467 3,250,124,103 3,077,196,364                   3,069,600,971                  3,029,707,361                1,803,727,073                  308,563,135 82,621,750                  
12287 Amica Prop & Cas Ins Co 96,834,113  18,023,682  78,810,431  -  -  -  -  (2,158,346)                   
10984 Ansur Amer Ins 197,331,898 134,415,070 62,916,829  100,017,717 95,340,788  52,415,357  8,536,509  92,997  
10287 Anza Mortgage Ins Corp 19,666,963  6,717,510  12,949,451  183,835  183,835  309,489  (251,791)  (395,926)  
34738 Arag Ins Co 186,590,029 64,935,444  121,654,585 169,525,525 169,581,481 91,187,328  3,634,210  28,551,802                  
30830 Arch Ind Ins Co 354,758,377 204,205,082 150,553,295 4,665,965  4,231,678  3,276,855  156,411  49,135,447                  
11150 Arch Ins Co 13,511,224,526                  10,232,248,082 3,278,976,444                   4,908,079,059                  5,339,469,426                2,824,275,916                  628,138,055 84,165,020                  
18732 Arch Mortgage Guar Co 44,010,840  3,376,759  40,634,081  546,406  359,867  1,091,653  27,490  (1,224,051)                   
10946 Arch Prop Cas Ins Co 192,734,786 1,795,362  190,939,425 20,959  7,478  181,311  193,482  (768,367)  
10348 Arch Reins Co 8,762,784,258 3,535,033,724 5,227,750,534                   1,532,021,332                  1,863,317,688                748,641,052 47,839,430  573,356,997               
25585 Arch Wilsure Ins Co 30,301,078  4,304,391  25,996,687  268,063  338,198  1,048,305  225,271  (1,985,866)                   
19801 Argonaut Ins Co 3,568,187,847 2,122,901,189 1,445,286,659                   616,699,732 700,266,732 480,942,218 59,960,923  (39,627,839)                
19828 Argonaut Midwest Ins Co 38,542,731  18,991,626  19,551,105  -  -  -  -  (14,112)  
41459 Armed Forces Ins Exch 96,327,293  55,465,233  40,862,060  47,157,928  49,214,666  31,042,637  5,216,808  (3,987,444)                   
23752 Ascot Ins Co 1,644,368,183 804,255,929 840,112,254 346,744,587 326,070,421 177,127,306 48,162,021  (19,879,915)                
30279 Ascot Surety & Cas Co 730,644,832 100,456,762 630,188,070 92,030,997  62,220,835  15,584,776  4,789,599  (1,984,850)                   
43460 Aspen Amer Ins Co 2,815,937,636 1,613,610,753 1,202,326,883                   807,076,985 780,348,474 418,788,014 44,500,348  47,858,823                  
11558 AssuranceAmerica Ins Co 188,679,314 115,204,312 73,475,002  75,564,613  77,043,306  41,305,528  (915,061)  8,799,362  
30180 Assured Guar Inc 6,951,517,262 3,702,746,120 3,248,771,142                   254,043,531 259,784,093 47,937,187  (40,022,578) 18,931,409                  
23833 AtHome Ins Co 18,982,220  1,910,885  17,071,335  -  -  -  -  -  
29033 Atain Ins Co 135,364,906 53,780,587  81,584,319  19,975,740  18,973,796  8,455,021  3,555,694  108,312  
27154 Atlantic Specialty Ins Co 5,354,619,450 4,092,377,014 1,262,242,436                   1,774,536,332                  1,719,916,540                691,070,945 76,718,461  184,235,380               
22586 Atlantic States Ins Co 1,269,256,502 906,436,950 362,819,552 600,417,209 608,469,691 316,286,518 58,569,860  32,956,738                  
25422 Atradius Trade Credit Ins Co 297,073,871 97,485,712  199,588,159 44,042,685  43,220,533  13,800,544  2,010,843  11,947,252                  
11983 Auto Club Prop Cas Ins Co 137,341,987 109,351,655 27,990,332  65,724,073  64,221,687  39,261,874  4,861,550  987,509  
18988 Auto Owners Ins Co 30,704,400,529                  12,989,502,102 17,714,898,427                10,537,473,639                10,143,915,299             5,433,567,436                  658,828,610 1,147,847,375           
12508 Auto Owners Specialty Ins Co 31,417,771  205,580  31,212,191  -  -  -  -  (407,149)  
19062 Automobile Ins Co Of Hartford CT 1,411,933,931 1,062,125,818 349,808,113 541,592,299 535,961,956 293,824,260 47,583,494  47,428,077                  
10367 Avemco Ins Co 171,157,688 119,797,163 51,360,525  49,066,227  48,906,324  25,745,599  3,899,426  3,435,648  
37273 Axis Ins Co 2,028,925,950 1,243,810,943 785,115,007 413,016,872 384,790,265 223,597,032 33,217,644  (25,401,931)                
38245 BCS Ins Co 419,579,841 253,610,601 165,969,240 142,224,689 140,977,266 97,025,446  4,276,577  771,716  
20095 BITCO Gen Ins Corp 1,434,690,295 1,055,907,980 378,782,315 560,112,915 522,474,360 252,062,106 73,207,562  43,088,470                  
20109 BITCO Natl Ins Co 186,509,719 86,450,328  100,059,391 52,201,454  49,427,235  12,661,606  450,972  16,221,273                  
33162 Bankers Ins Co 158,669,463 90,707,849  67,961,614  65,995,049  59,788,630  12,503,473  3,312,767  7,184,591  
18279 Bankers Standard Ins Co 368,689,708 129,668,227 239,021,481 -  -  -  -  -  
14402 Bearing Midwest Cas Co 11,413,211  4,505,568  6,907,643  -  -  -  -  -  
16510 Beazley Amer Ins Co Inc 151,354,235 26,007,966  125,346,269 18,938,855  17,643,097  6,029,717  708,339  (1,493,159)                   
37540 Beazley Ins Co Inc 1,483,970,974 1,046,183,742 437,787,232 329,229,650 302,477,726 148,603,343 4,055,652  (29,501,939)                
____________
June 1, 2026
__________
Page 4 of 26
State Corporation Commission - Bureau of Insurance - Financial Regulation 
2025 Financial Data for Foreign Property and Casualty Insurers
Cocode Company Name ADMITTED ASSETS LIABILITIES SURPLUS
NET PREMIUM 
WRITTEN PREMIUMS EARNED LOSSES INCURRED
LOSS ADJ EXPENSE 
INCURRED NET U/W GAIN
41394 Benchmark Ins Co 1,183,370,290 986,080,013 197,290,278 303,066,488 301,005,987 179,374,918 36,068,620  (12,185,601)                
15911 Berkley Cas Co 108,688,261 76,027,132  32,661,129  -  -  -  -  -  
32603 Berkley Ins Co 34,205,262,419                  24,348,124,622 9,857,137,798                   11,414,503,611                11,153,355,901             5,899,925,863                  1,233,799,483               712,111,091               
38911 Berkley Natl Ins Co 191,595,540 95,435,884  96,159,656  -  -  -  -  -  
29580 Berkley Regional Ins Co 1,091,453,791 117,690,759 973,763,032 -  -  -  -  -  
13070 Berkshire Hathaway Assur Corp 1,495,898,547 105,150,214 1,390,748,333                   113,185  6,995,585  -  -  6,303,414  
10391 Berkshire Hathaway Direct Ins Co 928,629,028 708,078,752 220,550,276 85,340,819  79,989,592  43,658,887  11,007,461  (4,884,706)                   
20044 Berkshire Hathaway Homestate Ins Co 5,329,230,513 2,199,804,039 3,129,426,474                   822,135,635 780,807,106 365,254,043 111,913,132 80,525,949                  
22276 Berkshire Hathaway Specialty Ins Co 8,948,221,983 3,914,060,617 5,034,161,367                   1,099,714,598                  1,077,584,285                743,559,973 104,239,217 (12,291,343)                
12311 Bloomington Compensation Ins Co 13,963,761  606,916  13,356,845  -  -  -  -  -  
40754 Blue Ridge Ind Co 73,243,503  48,331,782  24,911,722  16,684,699  15,971,116  8,274,376  789,647  1,032,292  
22250 BlueShore Ins Co 276,370,825 183,883,912 92,486,913  10,304,830  7,368,811  78,183  -  6,285,310  
27081 Bond Safeguard Ins Co 26,490,274  1,259,942  25,230,332  -  -  -  -  -  
12319 Bondsman Ins Co 7,190,924  95,263  7,095,661  -  -  (28,770)  (113,026)  (229,383)  
13501 Brethren Mut Ins Co 319,129,829 148,631,570 170,498,259 132,690,326 132,410,457 82,435,906  11,170,090  (10,907,776)                
12372 BrickStreet Mut Ins Co 2,953,116,124 1,651,701,995 1,301,414,129                   681,658,904 683,034,985 359,930,097 106,813,588 12,745,201                  
35599 Bridge City Ins Co 237,285,019 10,752,061  226,532,958 1,392,984  1,393,840  207,319  21,388  712,485  
10335 Bridgefield Cas Ins Co 122,479,738 47,581,074  74,898,664  -  -  -  -  -  
10701 Bridgefield Employers Ins Co 57,807,047  7,534,798  50,272,249  -  -  -  -  -  
16618 Bridgefield Ind Ins Co 15,466,443  3,506,538  11,959,905  -  -  -  -  -  
11034 Bristol W Cas Ins Co 20,071,874  10,041,820  10,030,054  -  -  (3,114)  295 2,819  
19658 Bristol W Ins Co 306,431,288 230,601,626 75,829,662  -  -  261,287  161,481  (422,769)  
13528 Brotherhood Mut Ins Co 1,398,110,221 948,105,174 450,005,047 808,113,663 768,223,832 410,531,813 60,879,647  14,901,425                  
14380 Build Amer Mut Assur Co 514,050,395 290,038,480 224,011,915 10,495,678  4,832,891  -  -  (49,754,360)                
11258 Builders Alliance Ins Co 7,866,885  215,453  7,651,432  -  -  -  -  -  
10844 Builders Mut Ins Co 1,686,648,472 1,019,704,474 666,943,998 512,256,510 502,625,323 250,937,945 57,069,770  4,207,357  
13036 Builders Premier Ins Co 14,868,662  832,689  14,035,973  -  -  -  -  -  
15385 Bureau Veritas Inspection & Ins Co 16,844,745  4,616,079  12,228,666  1,050  2,496  -  -  2,496  
11697 Businessfirst Ins Co 33,307,837  2,004,300  31,303,536  -  -  -  -  -  
22004 CIM Ins Corp 16,800,486  143,161  16,657,325  -  -  -  -  -  
12356 CM Regent Ins Co 82,682,945  31,576,800  51,106,146  -  -  1,705,745  (267,267)  (1,438,477)                   
11681 CSAA AFFINITY INS CO 221,999,935 47,715,984  174,283,951 -  -  -  -  -  
10921 CSAA Fire & Cas Ins Co 266,686,183 204,441,409 62,244,774  -  -  -  -  -  
37770 CSAA Gen Ins Co 650,985,461 483,348,980 167,636,481 -  -  -  -  -  
20117 California Cas Ind Exch 578,121,797 405,490,079 172,631,718 392,978,874 368,944,336 223,764,681 43,432,449  15,650,991                  
38865 California Ins Co 2,125,068,929 1,534,627,043 590,441,887 807,308,461 702,857,661 398,271,231 85,177,798  (96,373,345)                
36340 Camico Mut Ins Co 114,114,631 67,072,490  47,042,141  35,077,521  35,068,514  12,499,693  9,793,641  (1,984,620)                   
12260 Campmed Cas & Ind Co Inc  20,256,007  18,502  20,237,505  -  -  -  -  -  
10464 Canal Ins Co 1,325,865,655 813,735,173 512,130,481 432,868,976 457,745,087 377,540,289 34,441,487  (85,261,078)                
____________
June 1, 2026
__________
Page 5 of 26
State Corporation Commission - Bureau of Insurance - Financial Regulation 
2025 Financial Data for Foreign Property and Casualty Insurers
Cocode Company Name ADMITTED ASSETS LIABILITIES SURPLUS
NET PREMIUM 
WRITTEN PREMIUMS EARNED LOSSES INCURRED
LOSS ADJ EXPENSE 
INCURRED NET U/W GAIN
10472 Capitol Ind Corp 785,472,130 447,257,102 338,215,028 149,385,913 139,923,526 54,920,766  21,807,873  2,314,085  
10510 Carolina Cas Ins Co 356,545,705 233,069,141 123,476,564 -  -  -  -  -  
14090 Carolina Mut Ins Inc 140,001,571 51,158,689  88,842,882  40,195,936  39,337,368  19,454,835  3,400,025  2,842,239  
24937 Catawba Ins Co 13,632,361  7,820,308  5,812,053  2,615,868  489,588  388,927  50,979  (963,557)  
11255 Caterpillar Ins Co 1,480,949,416 717,617,335 763,332,081 329,605,187 274,153,375 196,483,165 1,826,041  33,442,466                  
20273 Cedar Ins Co 37,000,406  18,806,553  18,193,853  19,803,348  18,213,521  8,248,075  3,255,883  (656,364)  
11499 Censtat Cas Co 32,370,047  6,632,752  25,737,295  3,652,883  3,739,634  3,127,222  109,084  (1,581,147)                   
20230 Central Ins Co 2,423,799,272 1,263,466,853 1,160,332,418                   777,171,379 789,490,993 447,822,690 65,997,413  4,240,854  
34274 Central States Ind Co Of Omaha 1,128,527,900 160,256,563 968,271,338 9,753,096  9,859,913  1,204,208  121,063  118,163  
34649 Centre Ins Co 27,309,619  16,666,602  10,643,016  -  -  1,335,969  (26,520)  (1,573,350)                   
42765 Centurion Cas Co 14,118,436  2,100,927  12,017,509  4,002,120  3,837,121  1,537,181  76,859  (1,511,830)                   
20710 Century Ind Co 556,173,342 531,173,342 25,000,000  -  -  46,350,371  122,154,686 (169,613,285)             
26905 Century Natl Ins Co 104,082,354 61,304,508  42,777,846  -  -  -  -  -  
10006 Cerity Ins Co 157,275,906 103,203,591 54,072,315  37,504,058  38,094,523  24,289,231  5,096,977  (1,506,393)                   
25615 Charter Oak Fire Ins Co 1,357,155,658 1,049,678,498 307,477,160 502,064,015 496,844,645 272,377,233 44,110,247  43,970,172                  
10642 Cherokee Ins Co 913,203,760 506,193,135 407,010,625 250,976,208 256,083,230 198,205,817 34,005,662  589,864  
22810 Chicago Ins Co 85,801,729  3,490,688  82,311,041  -  -  -  -  -  
16356 Chiron Ins Co 29,738,490  15,260,445  14,478,045  4,913,645  993,277  534,902  724,996  (2,207,271)                   
12777 Chubb Ind Ins Co 326,565,677 139,188,592 187,377,085 -  -  -  -  -  
10052 Chubb Natl Ins Co 357,281,604 147,227,732 210,053,872 -  -  -  -  -  
10669 Church Ins Co 36,588,028  32,543,031  4,044,997  -  -  17,748,469  3,867,834  (22,242,543)                
18767 Church Mut Ins Co S I 2,579,866,985 1,775,652,073 804,214,912 968,423,001 975,237,046 502,839,913 100,397,094 22,945,609                  
20400 Cimarron Ins Co Inc 91,680,766  54,845,653  36,835,113  47,506,148  41,305,105  24,039,899  5,243,437  (304,225)  
31534 Citizens Ins Co Of Amer 1,894,243,624 1,210,074,090 684,169,534 1,061,304,045                  1,041,130,490                584,514,331 70,397,391  119,536,652               
41335 City Natl Ins Co 42,468,435  16,074,297  26,394,138  16,579,947  15,995,199  7,561,615  923,430  2,265,663  
10693 Civil Serv Employees Ins Co 60,795,574  39,885,051  20,910,523  5,126,012  3,836,415  22,159,520  612,426  (25,503,380)                
20532 Clarendon Natl Ins Co 799,886,799 560,628,897 239,257,902 7,130,413  16,823,617  14,765,744  2,107,688  (14,145,535)                
28860 Clear Blue Ins Co 465,969,722 235,882,914 230,086,808 -  -  28,097,083  3,119,002  (32,903,883)                
15563 Clear Spring Prop & Cas Co 974,699,688 791,791,629 182,908,059 495,319,015 398,023,448 348,310,549 77,658,275  (155,853,324)             
16273 ClearPath Ins Co 215,315,140 120,301,753 95,013,387  -  -  -  -  355,872  
16524 Clearcover Ins Co 121,568,963 105,189,215 16,379,748  38,450,040  39,340,020  31,392,338  12,492,528  (13,894,591)                
33480 Clermont Ins Co 29,186,327  2,329,461  26,856,867  -  -  -  -  -  
29530 Coalition Ins Co 93,142,116  35,206,556  57,935,560  17,369,569  18,396,215  5,992,030  4,301,271  3,470,204  
31887 Coface N Amer Ins Co 174,161,761 113,904,099 60,257,666  58,067,792  59,148,695  18,489,858  2,656,415  (4,753,091)                   
36552 Coliseum Reins Co 201,532,483 77,609,107  123,923,376 (136,901)  (136,901)  3,096,075  3,356,109  (17,686,560)                
34347 Colonial Amer Cas & Surety Co 21,020,052  2,377,117  18,642,935  -  -  -  -  -  
10758 Colonial Surety Co 131,923,930 43,624,254  88,299,676  21,522,623  21,470,530  1,440,799  (633,980)  10,838,684                  
39993 Colony Ins Co 3,050,986,915 1,931,548,401 1,119,438,514                   630,461,872 605,867,469 307,638,960 111,602,722 (36,049,862)                
27812 Columbia Ins Co 34,663,278,738                  7,659,160,729 27,004,118,009                1,132,332,401                  1,108,997,092                524,016,014 42,861,012  278,807,316               
____________
June 1, 2026
__________
Page 6 of 26
State Corporation Commission - Bureau of Insurance - Financial Regulation 
2025 Financial Data for Foreign Property and Casualty Insurers
Cocode Company Name ADMITTED ASSETS LIABILITIES SURPLUS
NET PREMIUM 
WRITTEN PREMIUMS EARNED LOSSES INCURRED
LOSS ADJ EXPENSE 
INCURRED NET U/W GAIN
40371 Columbia Mut Ins Co 456,672,366 215,300,756 241,371,610 148,995,972 148,663,529 70,390,221  17,563,128  1,133,801  
19410 Commerce & Industry Ins Co 1,758,453,153 1,258,755,839 499,697,314 417,066,838 417,662,055 215,474,533 37,172,210  54,234,419                  
21989 Compass Ins Co 11,251,053  3,883,879  7,367,174  -  -  (176,042)  (132,435)  (298,445)  
10891 Concert Ins Co 149,346,273 115,575,496 33,770,777  -  -  (25,541)  35,391  (243,774)  
32190 Constitution Ins Co 46,927,135  12,915,822  34,011,313  1,498,302  1,509,359  1,378,594  46,885  (1,152,140)                   
10204 Consumers Ins Usa Inc 109,937,262 62,221,612  47,715,650  26,870,370  26,924,614  14,188,120  4,210,494  502,399  
20443 Continental Cas Co 51,208,567,931                  39,630,630,866 11,577,937,065                9,635,804,953                  9,463,713,300                6,419,322,102                  1,255,664,347               (868,059,640)             
39551 Continental Heritage Ins Co 45,892,242  20,884,165  25,008,077  6,737,841  6,496,499  (28,275)  -  743,978  
28258 Continental Ind Co 768,303,899 489,392,923 278,910,976 172,994,668 150,612,360 85,327,280  18,242,089  (20,066,646) 
35289 Continental Ins Co 2,229,698,790 170,250,776 2,059,448,015                   -  -  39,817,492  27,836,687  (65,293,840) 
10804 Continental Western Ins Co 207,652,072 91,856,787  115,795,285 -  -  -  -  -  
37206 Contractors Bonding & Ins Co 282,637,911 175,617,263 107,020,648 81,370,565  83,635,371  37,414,999  15,920,728  (9,817,685)                   
10499 CorePointe Ins Co 51,315,607  1,899,864  49,415,743  -  -  -  -  (69,128)  
20990 Country Mut Ins Co 8,327,606,702 3,819,341,507 4,508,265,195                   3,635,768,913                  3,602,310,661                2,058,822,544                  216,574,667 381,764,550               
10022 Countryway Ins Co 43,748,057  13,301,341  30,446,716  -  -  -  -  -  
26492 Courtesy Ins Co 1,428,625,098 653,619,243 775,005,854 140,744,272 148,187,194 148,784,636 2,837,290  (9,250,718)                   
18961 Crestbrook Ins Co 198,593,990 113,990,661 84,603,329  -  -  -  -  -  
16070 Cronus Ins Co 67,917,342  13,907,992  54,009,350  6,545,825  5,663,770  -  -  3,916,558  
31348 Crum & Forster Ind Co 121,257,759 84,362,080  36,895,679  47,096,220  45,753,760  26,604,669  3,100,860  2,258,903  
42471 Crum & Forster Ins Co 118,107,242 80,383,851  37,723,391  47,096,220  45,753,760  26,604,669  3,100,860  2,292,339  
10847 Cumis Ins Society Inc 3,389,633,384 2,195,855,439 1,193,777,945                   1,563,994,040                  1,452,878,730                826,662,114 84,194,496  46,712,153                  
10855 Cypress Ins Co 2,655,729,466 1,085,595,723 1,570,133,743                   224,764,604 215,425,434 79,703,765  36,291,960  46,183,210                  
21164 Dairyland Ins Co 463,010,061 5,821,214  457,188,847 -  -  -  -  -  
16623 Dairyland Natl Ins Co 16,686,040  307,428  16,378,612  -  -  -  -  -  
34924 Dakota Truck Underwriters 265,403,912 144,889,268 120,514,644 101,287,951 99,933,906  56,974,439  13,937,147  2,484,488  
16705 Dealers Assur Co 351,395,240 194,234,084 157,161,155 48,998,884  45,066,747  20,762,562  -  9,821,697  
42587 Depositors Ins Co 94,056,570  49,549,304  44,507,266  -  -  -  -  -  
12718 Developers Surety & Ind Co 790,960,632 615,368,774 175,591,858 269,073,007 266,961,541 145,900,780 37,853,083  (7,969,760)                   
10659 Diamond Ins Co 84,717,350  59,234,631  25,482,719  41,073,434  37,987,040  18,220,577  7,226,063  (4,441,851)                   
42048 Diamond State Ins Co 232,580,738 159,476,777 73,103,961  65,926,346  66,091,262  31,807,250  7,769,230  (350,596)  
34711 Digital Advantage Ins Co 42,544,184  412,488  42,131,696  -  -  -  -  99 
42781 Direct Gen Ins Co 621,373,332 614,442,214 6,931,118  -  -  -  -  -  
34495 Doctors Co An Interins Exch 6,060,206,097 2,651,815,779 3,408,390,318                   963,957,319 944,707,085 382,612,778 317,393,502 (18,734,432)                
13692 Donegal Mut Ins Co 822,243,822 367,629,789 454,614,033 165,114,683 167,127,803 81,780,363  12,282,702  22,739,846                  
13019 Eastern Advantage Assur Co 59,730,115  49,742,505  9,987,610  21,594,393  20,994,938  13,690,845  2,655,792  (2,432,038)                   
10724 Eastern Alliance Ins Co 290,865,393 219,525,493 71,339,900  122,958,098 119,495,607 71,139,406  18,432,411  (10,076,274)                
28649 Eastern Atlantic Ins Co 105,986,907 55,809,002  50,177,906  30,986,371  32,457,932  16,365,875  5,031,796  (1,101,323)                   
14702 Eastguard Ins Co 407,247,354 291,076,981 116,170,373 55,758,921  66,241,856  58,970,694  8,647,208  (20,424,443)                
22926 Economy Fire & Cas Co 442,899,634 80,335,890  362,563,744 -  -  -  -  -  
____________
June 1, 2026
__________
Page 7 of 26
State Corporation Commission - Bureau of Insurance - Financial Regulation 
2025 Financial Data for Foreign Property and Casualty Insurers
Cocode Company Name ADMITTED ASSETS LIABILITIES SURPLUS
NET PREMIUM 
WRITTEN PREMIUMS EARNED LOSSES INCURRED
LOSS ADJ EXPENSE 
INCURRED NET U/W GAIN
40649 Economy Premier Assur Co 63,554,194  13,355,326  50,198,868  -  -  -  -  -  
25186 Emc Prop & Cas Ins Co 16,185,723  97,165  16,088,558  -  -  -  -  -  
21407 Emcasco Ins Co 127,631,030 1,240,863  126,390,167 -  -  -  -  -  
21326 Empire Fire & Marine Ins Co 63,649,012  25,008,488  38,640,523  -  -  -  -  -  
25402 Employers Assur Co 805,162,345 595,668,841 209,493,504 225,024,350 228,567,144 145,735,381 30,581,867  (15,121,155)                
11512 Employers Compensation Ins Co 603,704,052 399,063,854 204,640,198 150,016,232 152,378,095 97,156,919  20,387,910  (9,893,071)                   
10640 Employers Ins Co Of NV 415,462,396 148,611,585 266,850,811 37,504,058  38,094,523  24,289,231  5,096,978  (2,199,408)                   
21458 Employers Ins Co of Wausau 9,437,467,381 6,759,766,299 2,677,701,082                   2,978,339,024                  3,040,319,487                1,408,260,305                  292,107,799 319,128,791               
21415 Employers Mut Cas Co 5,984,126,807 3,976,288,568 2,007,838,239                   2,055,970,910                  2,035,512,470                987,423,316 235,510,613 72,024,636                  
10346 Employers Preferred Ins Co 1,035,942,101 832,244,884 203,697,217 300,032,467 304,756,192 194,313,839 40,775,817  (26,923,743)                
37095 Enact Financial Assur Corp 10,529,363  57,544  10,471,819  -  -  -  -  (156,123)  
38458 Enact Mortgage Ins Corp 6,002,255,864 5,234,427,652 767,828,212 802,332,544 826,232,892 63,021,662  12,396,999  583,093,796               
16675 Enact Mortgage Ins Corp of NC 60,900,795  22,368,822  38,531,973  10,324,670  9,465,928  2,108,074  69,323  5,228,297  
15130 Encompass Ind Co 9,543,945  723,762  8,820,183  -  -  -  -  -  
11251 Encompass Independent Ins Co 6,869,152  444,509  6,424,643  -  -  -  -  -  
10358 Encompass Ins Co 12,038,147  5,389,744  6,648,403  -  -  -  -  -  
10071 Encompass Ins Co Of Amer 9,254,019  664,794  8,589,225  -  -  -  -  -  
10072 Encompass Prop & Cas Co 8,653,698  116,278  8,537,420  -  -  -  -  -  
10641 Endurance Amer Ins Co 405,860,137 217,996,336 187,863,801 -  -  -  -  -  
11551 Endurance Assur Corp 19,282,003,193                  14,733,096,349 4,548,906,844                   5,485,154,769                  5,355,715,039                3,389,187,942                  437,084,901 118,276,013               
43630 Endurance Risk Solutions Assur Co 88,837,685  54,877,901  33,959,784  -  -  -  -  -  
28746 Equity Ins Co 116,868,528 80,873,126  35,995,895  31,016,021  33,876,679  18,901,552  6,370,395  (2,967,029)                   
26263 Erie Ins Co 2,109,653,585 1,858,530,044 251,123,541 653,907,339 632,319,075 438,793,532 51,435,233  (36,660,943)                
16233 Erie Ins Co Of NY 182,644,374 162,327,607 20,316,767  65,390,734  63,231,907  43,879,353  5,143,524  (3,666,096)                   
26271 Erie Ins Exch 25,895,672,283                  15,826,240,884 10,069,431,399                12,358,848,715                11,950,830,511             8,293,197,743                  972,125,902 (692,891,815)             
26830 Erie Ins Prop & Cas Co 152,792,172 137,984,124 14,808,048  -  -  -  -  -  
13634 Essent Guar Inc 4,011,506,085 3,060,405,607 951,100,478 530,185,566 551,462,085 83,651,615  346,572  400,616,302               
37915 Essentia Ins Co 155,235,498 118,701,199 36,534,299  -  -  -  -  (283,848)  
25712 Esurance Ins Co 61,060,892  2,581,381  58,479,511  -  -  -  -  -  
21741 Esurance Ins Co of NJ 9,048,284  596,895  8,451,389  -  -  -  -  -  
30210 Esurance Prop & Cas Ins Co 20,424,903  119,532  20,305,371  -  -  -  -  -  
20516 Euler Hermes N Amer Ins Co 1,295,776,857 887,739,684 408,037,173 385,819,635 347,045,597 124,651,211 20,905,000  28,876,638                  
16044 Everest Denali Ins Co 127,720,366 108,715,628 19,004,738  -  -  -  -  (11,313)  
10120 Everest Natl Ins Co 1,563,793,605 1,241,519,740 322,273,865 -  -  -  -  132,657  
16045 Everest Premier Ins Co 221,230,507 199,140,597 22,089,910  -  -  -  -  (2,442)  
26921 Everest Reins Co 32,608,597,355                  23,753,069,218 8,855,528,137                   9,138,045,731                  9,161,461,783                6,188,087,017                  663,785,104 (233,656,579)             
17043 Everett Cash Mut Ins Co 281,478,979 149,515,436 131,963,543 144,188,881 141,926,849 78,498,043  8,891,738  5,852,162  
12750 Evergreen Natl Ind Co 70,475,425  20,670,425  49,805,000  17,748,282  18,499,352  6,237,668  42,881  467,332  
24961 Everspan Ins Co 158,456,097 85,060,746  73,395,351  31,756,666  28,900,859  17,846,577  2,441,298  (1,138,847)                   
____________
June 1, 2026
__________
Page 8 of 26
State Corporation Commission - Bureau of Insurance - Financial Regulation 
2025 Financial Data for Foreign Property and Casualty Insurers
Cocode Company Name ADMITTED ASSETS LIABILITIES SURPLUS
NET PREMIUM 
WRITTEN PREMIUMS EARNED LOSSES INCURRED
LOSS ADJ EXPENSE 
INCURRED NET U/W GAIN
11045 Excelsior Ins Co 9,283,672  996,817  8,286,855  -  -  -  -  -  
35181 Executive Risk Ind Inc 8,592,413,450 6,453,585,222 2,138,828,228                   2,736,714,747                  2,619,812,178                1,593,678,204                  306,385,762 62,149,020                  
40029 Explorer Ins Co 1,162,839,587 875,910,344 286,929,243 446,592,410 431,404,956 237,113,840 37,933,118  (1,928,026)                   
10178 FCCI Ins Co 3,264,450,035 2,133,112,073 1,131,337,962                   1,195,662,716                  1,180,065,726                601,363,351 142,757,433 19,486,684                  
10385 FFVA Mut Ins Co 343,207,004 120,824,988 222,382,016 85,988,114  85,750,869  41,283,039  15,789,712  671,563  
16236 FFVA Select Ins Co 6,716,627  1,494,379  5,222,248  -  -  -  230,998  (163,501)  
10699 FHM Ins Co 41,272,931  24,003,337  17,269,594  18,813,168  17,591,547  8,574,198  2,443,422  (1,340,014)                   
36781 FMH Ag Risk Ins Co 7,560,997  45,787  7,515,210  -  -  -  -  -  
21482 Factory Mut Ins Co 38,312,104,231                  8,999,623,761 29,312,480,470                5,555,525,319                  5,457,303,388                2,119,528,509                  77,968,173  1,396,317,786           
35157 Fair Amer Ins & Reins Co 312,409,465 94,392,651  218,016,814 31,977,865  31,952,102  25,996,968  1,393,307  (385,702)  
31925 Falls Lake Natl Ins Co 2,331,338,364 2,064,729,997 266,608,367 39,817,030  42,020,172  24,717,978  8,675,208  (3,557,311)                   
40169 Farmers Cas Ins Co 95,019,289  14,413,329  80,605,961  -  -  -  -  -  
25321 Farmers Direct Prop & Cas Ins Co 71,916,360  15,062,522  56,853,837  -  -  -  -  -  
21652 Farmers Ins Exch 28,350,705,735                  20,047,369,353 8,303,336,382                   10,874,161,635                10,066,402,967             4,983,015,962                  648,839,229 1,573,214,437           
13854 Farmers Mut Fire Ins Co of Salem Cn 229,493,194 128,828,812 100,664,382 92,445,171  85,483,175  46,972,588  9,319,143  986,592  
13897 Farmers Mut Hail Ins Co Of IA 1,415,471,309 827,257,616 588,213,693 654,585,453 691,416,471 486,776,095 37,425,742  107,480,568               
26298 Farmers Prop & Cas Ins Co 4,931,618,871 2,352,599,653 2,579,019,218                   -  -  12,379,804  (1,403,700)  (10,976,104)                
41483 Farmington Cas Co 1,502,024,686 1,145,216,335 356,808,352 585,082,512 579,000,098 317,415,989 51,404,066  51,240,872                  
20281 Federal Ins Co 22,765,012,206                  17,313,455,434 5,451,556,772                   6,841,786,880                  6,549,530,446                3,984,195,512                  765,964,401 155,372,634               
13935 Federated Mut Ins Co 12,222,819,714                  5,635,036,592 6,587,783,122                   2,751,046,556                  2,634,958,929                1,406,792,287                  272,046,297 325,949,330               
16024 Federated Reserve Ins Co 298,835,163 122,428,423 176,406,740 61,134,368  58,554,643  31,262,051  6,045,474  7,243,315  
11118 Federated Rural Electric Ins Exch 836,706,984 530,285,508 306,421,476 239,763,071 218,563,897 157,268,187 28,472,960  3,743,583  
28304 Federated Serv Ins Co 775,711,798 367,284,267 408,427,531 183,403,104 175,663,929 93,786,153  18,136,429  21,729,930                  
39306 Fidelity & Deposit Co Of MD 247,274,117 60,004,729  187,269,388 -  -  -  -  -  
35386 Fidelity & Guar Ins Co 67,666,909  45,275,946  22,390,963  -  -  -  -  -  
25879 Fidelity & Guar Ins Underwriters Inc 187,204,812 85,357,518  101,847,293 39,533,785  39,122,811  21,447,026  3,473,250  3,463,391  
17136 Fidelity Security Assur Co 18,483,314  1,317,547  17,165,766  3,240,923  3,236,724  102,100  576,609  741,007  
35009 Financial Cas & Surety Inc 46,453,161  22,013,241  24,439,920  22,849,925  22,849,925  2,168,884  281,636  3,354,825  
21660 Fire Ins Exch 4,394,949,450 2,800,132,265 1,594,817,184                   1,575,965,442                  1,458,898,935                721,898,338 93,801,223  228,513,457               
21873 Firemans Fund Ins Co 2,199,277,382 718,242,790 1,481,034,592                   14,244,121  19,624,918  91,171,601  66,722,619  (148,131,047)             
21784 Firemens Ins Co Of Washington DC 133,512,975 94,187,424  39,325,551  -  -  -  -  -  
10336 First Acceptance Ins Co Inc 488,647,745 291,719,922 196,927,823 336,277,325 317,647,155 186,499,340 31,719,769  (1,438,650)                   
12825 First Acceptance Ins Co of TN Inc 47,899,308  17,369,833  30,529,475  7,893,623  19,778,647  11,508,302  1,810,998  718,827  
37710 First Amer Prop & Cas Ins Co 26,649,860  2,707,897  23,941,963  -  -  (533,844)  (469,832)  178,258  
13098 First Benefits Ins Mut Inc 22,255,992  18,010,328  4,245,664  4,054,990  3,026,271  4,064,758  1,173,029  (4,077,079)                   
13587 First Chicago Ins Co 417,421,464 291,373,798 126,047,659 210,101,864 199,616,510 104,907,752 28,432,265  (179,711)  
29980 First Colonial Ins Co 291,331,653 190,490,627 100,841,026 61,126,110  36,488,777  39,071,991  1,345,739  (19,049,578)                
13990 First Community Ins Co 57,434,026  24,861,208  32,572,818  5,865,342  14,918,839  2,302,950  1,364,387  4,033,453  
10351 First Dakota Ind Co 126,973,632 76,851,671  50,121,961  50,800,121  49,221,178  28,065,321  6,861,281  1,223,704  
____________
June 1, 2026
__________
Page 9 of 26
State Corporation Commission - Bureau of Insurance - Financial Regulation 
2025 Financial Data for Foreign Property and Casualty Insurers
Cocode Company Name ADMITTED ASSETS LIABILITIES SURPLUS
NET PREMIUM 
WRITTEN PREMIUMS EARNED LOSSES INCURRED
LOSS ADJ EXPENSE 
INCURRED NET U/W GAIN
11177 First Fin Ins Co 763,187,277 188,112,416 575,074,861 44,734,810  47,123,026  19,087,389  10,544,349  131,452  
12150 First Founders Assur Co 112,965,771 11,741,770  101,224,002 5,002,725  2,024,449  297,039  12,278  (1,739,538)                   
10676 First Guard Ins Co 54,217,697  8,217,538  46,000,159  -  -  (936,301)  586,232  1,325,087  
38326 First Ind Of Amer Ins Co 42,431,361  24,395,341  18,036,020  12,646,319  9,161,368  1,871,036  168,440  (1,688,617)                   
33588 First Liberty Ins Corp 21,728,510  708,301  21,020,209  -  -  -  -  -  
24724 First Natl Ins Co Of Amer 68,462,695  496,695  67,966,000  (1)  -  -  -  -  
10897 First Protective Ins Co 1,032,794,412 729,838,596 302,955,816 510,157,467 510,618,422 98,447,777  44,847,414  130,460,144               
27626 Firstcomp Ins Co 310,642,608 219,772,153 90,870,454  80,888,811  80,815,232  39,213,401  9,826,120  1,926,824  
40100 Firstline Ins Co 107,871,540 7,072,125  100,799,415 -  -  -  -  31,241  
35585 Flagship City Ins Co 64,038,225  49,089,558  14,948,667  -  -  -  -  -  
33278 Florists Ins Co 7,748,363  359,883  7,388,480  -  -  -  -  -  
13978 Florists Mut Ins Co 180,314,868 145,148,147 35,166,721  51,873,565  52,079,272  32,061,703  5,920,541  154,795  
11185 Foremost Ins Co Grand Rapids MI 4,541,790,911 2,398,399,674 2,143,391,238                   -  -  625,909  430,274  (1,056,184)                   
11800 Foremost Prop & Cas Ins Co 78,722,938  56,883,107  21,839,831  -  -  -  -  147,645  
41513 Foremost Signature Ins Co 32,074,967  8,760,047  23,314,920  -  -  -  -  17,452  
10941 Forestry Mut Ins Co 65,115,321  32,483,281  32,632,039  18,393,327  17,989,217  10,674,869  1,607,377  (2,137,155)                   
13293 Forge Ins Co 78,292,691  36,519,520  41,773,171  33,306,502  31,133,990  13,078,068  2,415,833  1,410,475  
26794 Fortitude Cas Ins Co 8,132,824  176,711  7,956,113  -  -  -  -  (1,043,368)                   
10801 Fortress Ins Co 184,812,863 93,779,315  91,033,548  28,887,504  28,194,649  6,880,310  9,459,096  1,851,482  
10985 Fortuity Ins Co 75,691,188  49,521,424  26,169,764  37,506,641  35,752,800  19,655,762  3,201,227  34,838  
11600 Frank Winston Crum Ins Co 266,241,567 201,806,557 64,435,010  63,418,963  62,227,459  37,371,433  11,827,090  (4,361,470)                   
13986 Frankenmuth Ins Co 2,247,865,007 1,335,643,946 912,221,061 975,172,791 929,572,651 511,049,663 83,230,857  906,868  
14753 Frederick Mut Ins Co 25,235,708  19,615,665  5,620,043  15,581,099  15,851,851  7,818,568  2,400,223  (2,879,843)                   
22209 Freedom Specialty Ins Co 74,833,956  47,991,297  26,842,659  -  -  -  -  -  
28339 Gateway Ins Co 20,754,315  13,682,557  7,071,758  (85,357)  305,365  (450,057)  1,961,479  (4,136,462)                   
14138 GEICO Advantage Ins Co 14,345,518  497,819  13,847,699  -  -  -  -  -  
14139 GEICO Choice Ins Co 14,016,302  253,652  13,762,650  -  -  -  -  -  
37923 GEICO Marine Ins Co 31,456,414  2,882,290  28,574,124  -  -  -  -  -  
14137 GEICO Secure Ins Co 13,817,704  167,234  13,650,470  -  -  -  -  -  
42897 GM Natl Ins Co 199,255,411 63,241,497  136,013,914 58,972,180  45,494,783  44,350,683  20,364,005  (80,585,205)                
21253 Garrison Prop & Cas Ins Co 6,534,655,492 4,170,057,256 2,364,598,236                   4,454,070,072                  4,328,034,820                2,777,264,097                  397,798,031 582,620,017               
41491 Geico Cas Co 15,537,550  805,619  14,731,931  -  -  -  -  -  
35882 Geico Gen Ins Co 25,334,968,402                  12,101,369,995 13,233,598,407                13,188,149,510                13,525,663,379             9,494,858,533                  861,508,620 2,038,028,024           
22055 Geico Ind Co 6,770,807,717 51,544,164  6,719,263,554                   -  -  -  -  -  
24414 General Cas Co Of WI 1,684,221,635 1,375,076,224 309,145,411 798,198,122 807,654,026 592,810,590 56,030,034  (463,958)  
24732 General Ins Co Of Amer 118,471,342 6,086,189  112,385,153 (1)  -  -  -  -  
22039 General Reins Corp 26,520,002,598                  10,223,447,899 16,296,554,699                3,072,502,880                  2,968,214,349                1,336,485,431                  111,457,094 657,275,273               
39322 General Security Natl Ins Co 293,578,202 92,821,626  200,756,576 5,199,925  5,158,837  (561,770)  1,112,557  3,631,610  
11967 General Star Natl Ins Co 206,575,660 77,126,696  129,448,964 18,461,319  17,718,092  8,912,397  2,175,471  788,019  
____________
June 1, 2026
__________
Page 10 of 26
State Corporation Commission - Bureau of Insurance - Financial Regulation 
2025 Financial Data for Foreign Property and Casualty Insurers
Cocode Company Name ADMITTED ASSETS LIABILITIES SURPLUS
NET PREMIUM 
WRITTEN PREMIUMS EARNED LOSSES INCURRED
LOSS ADJ EXPENSE 
INCURRED NET U/W GAIN
17630 Generali USA Ins Co 10,611,030  88,283  10,522,747  -  -  -  -  -  
11231 Generali Us Branch 1,119,883,310 715,100,674 404,782,636 986,108,627 946,861,903 427,262,546 28,119,324  81,263,762                  
38962 Genesis Ins Co 169,169,358 79,908,811  89,260,547  3,106,400  5,877,505  18,134,590  1,169,542  (14,281,704)                
10799 Geovera Ins Co 194,965,732 131,496,406 63,469,326  64,390,705  57,095,039  8,006,753  8,453,984  13,637,060                  
11282 Germantown Ins Co 117,304,010 57,032,332  60,271,678  38,887,697  36,913,658  17,969,977  3,666,152  3,713,548  
26611 Glatfelter Ins Co 49,448,592  20,820,956  28,627,636  -  -  -  -  -  
12254 Glencar Ins Co 239,765,472 170,817,343 68,948,129  72,751,786  71,381,679  39,295,065  9,551,254  (3,560,408)                   
14044 Goodville Mut Cas Co 675,274,042 359,458,506 315,815,536 433,824,600 410,681,416 227,273,715 29,051,826  27,826,821                  
22063 Government Employees Ins Co 90,998,346,627                  24,454,988,317 66,543,358,311                15,507,621,529                15,189,810,830             9,999,394,219                  883,366,000 2,126,633,350           
22098 Grain Dealers Mut Ins Co 30,591,978  365,742  30,226,236  -  -  -  -  1,708,641  
38148 Granada Ind Co 186,118,428 124,219,507 61,898,921  97,323,087  105,413,905 42,297,573  13,211,567  7,383,639  
10322 Grange Ind Ins Co 33,354,073  986,501  32,367,572  -  -  -  -  -  
14060 Grange Ins Co 3,324,844,556 1,818,557,181 1,506,287,375                   1,527,723,986                  1,476,270,468                786,224,433 153,050,593 72,470,527                  
11982 Grange Prop & Cas Ins Co 25,115,771  1,382,855  23,732,916  -  -  -  -  -  
26310 Granite Re Inc 236,478,539 123,016,224 113,462,315 61,134,368  58,554,643  31,262,051  6,045,474  7,243,315  
23809 Granite State Ins Co 30,505,328  2,983,179  27,522,149  -  -  -  -  -  
25984 Graphic Arts Mut Ins Co 265,506,858 162,247,579 103,259,279 92,845,646  88,562,760  45,974,218  12,600,994  1,179,428  
36307 Gray Ins Co 627,913,311 349,472,085 278,441,225 159,799,248 160,025,524 86,087,630  14,180,907  11,550,126                  
26832 Great Amer Alliance Ins Co 32,614,247  36,943  32,577,304  -  -  -  -  -  
26344 Great Amer Assur Co 26,104,073  28,107  26,075,967  -  -  -  -  -  
16691 Great Amer Ins Co 14,281,733,604                  10,681,383,876 3,600,349,728                   5,089,973,014                  5,037,588,879                2,398,934,348                  573,024,232 498,287,347               
22136 Great Amer Ins Co of NY 267,310,176 426,796  266,883,380 -  -  -  -  -  
31135 Great Amer Security Ins Co 16,524,185  23,546  16,500,639  -  -  -  -  -  
33723 Great Amer Spirit Ins Co 19,084,175  25,060  19,059,114  -  -  -  -  -  
25224 Great Divide Ins Co 222,078,619 93,190,012  128,888,607 -  -  -  -  -  
18694 Great Midwest Ins Co 1,328,354,003 456,356,038 871,997,965 281,511,092 265,362,235 113,559,862 22,394,374  17,836,602                  
20303 Great Northern Ins Co 636,483,455 178,027,076 458,456,379 -  -  -  -  -  
12982 Great Plains Cas Inc 63,659,352  10,152,357  53,506,995  8,394,188  8,423,946  3,753,520  595,954  813,631  
11371 Great West Cas Co 3,499,009,293 2,688,030,000 810,979,293 1,792,816,518                  1,742,820,101                1,087,411,762                  182,497,319 91,287,354                  
17155 Greater Mid Atlantic Ind Co 10,812,731  30,164  10,782,567  -  -  -  -  -  
17154 Greater Midwestern Ind Co 10,812,949  27,665  10,785,284  -  -  -  -  -  
22187 Greater NY Mut Ins Co 3,386,052,858 2,285,866,053 1,100,186,805                   1,086,924,742                  1,058,127,685                538,589,322 185,740,620 71,205,440                  
22322 Greenwich Ins Co 16,601,415,472                  12,584,160,135 4,017,255,337                   3,731,108,304                  3,608,743,685                2,230,799,214                  378,886,933 117,875,815               
10019 Greystone Ins Co 119,133,723 4,514,552  114,619,171 -  -  -  591,829  1,551,932  
36650 Guarantee Co Of N Amer USA 61,750,306  253,580  61,496,726  -  -  -  -  (491,168)  
15032 GuideOne Ins Co 1,483,708,311 894,164,817 589,543,494 461,858,956 453,622,099 228,457,089 55,134,088  (9,133,417)                   
14559 GuideOne Specialty Ins Co 307,840,635 217,702,405 90,138,230  115,464,736 113,405,522 57,114,272  13,783,521  (2,313,602)                   
41343 HDI Global Ins Co 1,238,760,241 677,023,524 561,736,717 112,028,677 119,491,668 97,036,939  29,709,684  (24,734,317)                
14265 HDI Global Select Ins Co 75,830,045  21,299,398  54,530,647  27,321,779  20,735,419  9,553,607  1,206,665  164,632  
____________
June 1, 2026
__________
Page 11 of 26
State Corporation Commission - Bureau of Insurance - Financial Regulation 
2025 Financial Data for Foreign Property and Casualty Insurers
Cocode Company Name ADMITTED ASSETS LIABILITIES SURPLUS
NET PREMIUM 
WRITTEN PREMIUMS EARNED LOSSES INCURRED
LOSS ADJ EXPENSE 
INCURRED NET U/W GAIN
36064 Hanover Amer Ins Co 39,157,141  13,318  39,143,823  -  -  -  -  -  
22292 Hanover Ins Co 12,137,548,722                  8,809,065,607 3,328,483,115                   5,254,813,743                  5,113,950,559                2,497,631,560                  577,067,661 306,383,778               
26433 Harco Natl Ins Co 1,828,801,579 614,403,916 1,214,397,663                   323,004,503 325,478,605 141,118,156 46,211,886  3,535,684  
14141 Harford Mut Ins Co 1,184,391,670 745,947,512 438,444,158 378,651,797 382,408,802 205,359,662 39,733,987  13,770,582                  
23582 Harleysville Ins Co 95,029,118  17,378,467  77,650,651  -  -  -  -  -  
35696 Harleysville Preferred Ins Co 59,642,647  4,694,418  54,948,229  -  -  -  -  -  
26182 Harleysville Worcester Ins Co 65,791,039  6,302,596  59,488,443  -  -  -  -  -  
22357 Hartford Accident & Ind Co 15,380,640,788                  11,450,241,876 3,930,398,913                   4,982,077,308                  4,810,203,536                2,423,299,436                  470,489,080 466,800,697               
29424 Hartford Cas Ins Co 2,864,701,952 1,909,508,807 955,193,145 838,220,410 809,303,134 407,713,273 79,158,457  78,537,896                  
19682 Hartford Fire Ins Co 29,853,246,417                  16,543,609,497 13,309,636,920                6,324,753,999                  6,106,560,008                3,029,485,890                  579,979,934 677,406,807               
38288 Hartford Ins Co Of IL 4,902,636,606 3,505,431,180 1,397,205,426                   1,539,277,480                  1,486,174,846                748,709,829 145,363,711 144,224,137               
37478 Hartford Ins Co Of The Midwest 582,994,703 174,820,933 408,173,771 76,201,856  73,573,013  37,064,843  7,196,224  7,139,808  
38261 Hartford Ins Co Of The Southeast 251,004,798 173,451,170 77,553,628  76,201,856  73,573,013  37,064,843  7,196,224  7,139,808  
11452 Hartford Steam Boil Inspec & Ins Co 2,544,447,416 1,523,986,482 1,020,460,934                   1,834,209,472                  1,791,215,564                371,591,431 44,532,153  364,335,952               
29890 Hartford Steam Boil Inspec Ins Co CT 16,204,237  1,206,802  14,997,435  -  -  -  -  (139,252)  
30104 Hartford Underwriters Ins Co 2,035,604,723 1,389,736,515 645,868,208 609,614,844 588,584,097 296,518,744 57,569,787  57,118,469                  
31550 Haulers Ins Co Inc 72,324,920  42,256,430  30,068,490  39,287,192  39,864,958  30,344,583  4,783,034  (7,951,514)                   
39527 Heritage Ind Co 21,427,937  (213,449)  21,641,386  -  -  -  -  -  
16138 HiRoad Assur Co 68,558,026  34,266,625  34,291,401  (9,108)  18,136  (402,479)  (13,944)  436,861  
29998 Highview Natl Ins Co 52,999,647  38,771,586  14,228,061  32,844,781  34,650,298  18,671,210  8,939,189  (4,958,816)                   
10200 Hiscox Ins Co Inc 2,182,031,119 1,516,569,211 665,461,908 685,737,451 677,545,884 296,577,774 82,463,586  34,568,570                  
26638 Home Owners Ins Co 2,609,375,768 796,479,587 1,812,896,181                   368,740,280 365,052,218 194,786,178 40,286,531  12,382,942                  
12536 Homeowners of Amer Ins Co 76,942,751  59,242,449  17,700,302  -  -  -  -  -  
17221 Homesite Ins Co 697,695,977 619,167,208 78,528,769  -  -  -  -  649,322  
13927 Homesite Ins Co Of The Midwest 1,805,736,758 1,689,194,859 116,541,899 -  -  -  -  314,429  
22578 Horace Mann Ins Co 581,808,200 369,987,604 211,820,596 339,400,166 328,089,803 175,477,788 27,884,561  30,600,515                  
22756 Horace Mann Prop & Cas Ins Co 354,304,355 217,518,154 136,786,201 218,540,595 211,257,826 112,990,574 17,954,938  19,643,275                  
14401 Horizon Midwest Cas Co 7,755,853  2,036,587  5,719,267  -  -  -  -  -  
10069 Housing Authority Prop A Mut Co 367,385,229 109,860,595 257,524,633 84,319,783  81,515,984  36,269,414  3,891,159  19,402,147                  
11206 Housing Enterprise Ins Co, Inc 197,108,718 117,618,316 79,490,402  75,753,391  76,747,982  38,892,935  7,872,298  5,655,188  
25054 Hudson Ins Co 2,999,021,629 2,171,086,423 827,935,206 264,131,347 305,644,724 177,707,577 41,531,701  1,995,748  
32921 ISMIE Mut Ins Co 1,616,564,590 916,967,655 699,596,935 341,444,759 342,135,728 171,054,984 75,087,208  (12,195,483)                
32808 Illinois Emcasco Ins Co 91,331,022  1,519,562  89,811,460  -  -  -  -  -  
35246 Illinois Ins Co 162,621,298 112,682,739 49,938,559  57,664,888  50,204,118  28,447,833  6,084,127  (6,697,722)                   
35408 Imperium Ins Co 816,436,329 608,846,772 207,589,557 230,946,882 244,904,169 128,141,113 53,900,722  (3,354,314)                   
11090 Incline Cas Co 455,369,813 377,044,256 78,325,557  27,066,208  52,247,276  39,299,693  7,181,833  13,508,152                  
43575 Indemnity Ins Co Of North Amer 455,008,335 272,683,733 182,324,602 -  -  -  -  -  
18468 Indemnity Natl Ins Co 567,681,996 351,363,269 216,318,727 130,336,190 112,722,190 24,688,357  6,666,437  6,460,261  
26581 Independence Amer Ins Co 634,577,855 225,004,751 409,573,104 804,365,800 818,580,812 499,981,074 2,339,657  42,079,712                  
____________
June 1, 2026
__________
Page 12 of 26
State Corporation Commission - Bureau of Insurance - Financial Regulation 
2025 Financial Data for Foreign Property and Casualty Insurers
Cocode Company Name ADMITTED ASSETS LIABILITIES SURPLUS
NET PREMIUM 
WRITTEN PREMIUMS EARNED LOSSES INCURRED
LOSS ADJ EXPENSE 
INCURRED NET U/W GAIN
17543 Independence Pet Ins Co 30,105,628  4,140,626  25,965,002  9,086,136  8,186,126  4,301,586  132,918  (312,866)  
29831 Independent Mut Fire Ins Co 73,991,716  13,647,791  60,343,925  9,614,891  9,994,708  1,854,168  1,001,255  6,504  
22268 Infinity Ins Co 968,842,939 945,256,175 23,586,764  -  -  -  -  -  
14281 Inland Mut Ins Co 7,369,210  687,715  6,681,495  431,728  445,145  104,918  139,316  (61,803)  
22195 Insurance Co Of Greater NY 83,500,985  297,343  83,203,642  -  -  -  -  -  
26700 Insurance Co Of IL 21,774,490  1,802,358  19,972,132  1  -  -  -  -  
19429 Insurance Co Of The State Of PA 107,359,684 68,257,448  39,102,236  -  -  -  -  -  
27847 Insurance Co Of The West 7,457,186,440 5,247,745,099 2,209,441,341                   2,396,199,270                  2,315,223,278                1,271,984,068                  203,522,351 (10,563,356)                
22713 Insurance Co of N Amer 86,602,499  7,096,191  79,506,308  -  -  -  -  -  
11162 Insurance Co of the South 173,939,143 120,969,507 52,969,637  88,984,924  85,158,920  44,132,785  4,211,419  5,503,846  
10922 Insuremax Ins Co 137,768,158 101,894,409 35,873,749  76,260,660  68,933,051  40,145,008  (80,655)  4,438,489  
27930 Integon Cas Ins Co 30,278,974  23,055,678  7,223,296  -  -  -  -  -  
22780 Integon Gen Ins Corp 417,254,327 410,192,675 7,061,652  -  -  -  -  (21)  
22772 Integon Ind Corp 805,904,510 637,524,227 168,380,283 -  -  -  -  (461,184)  
29742 Integon Natl Ins Co 4,310,177,415 4,112,772,820 197,404,595 (1)  -  -  -  (802,210)  
31488 Integon Preferred Ins Co 285,538,310 278,338,255 7,200,055  -  -  -  -  (3,793)  
13793 Integris Assur Co 35,983,840  21,540,704  14,443,136  1,242,594  1,188,620  (1,151,664)  1,260,409  657,636  
15598 Interins Exch Of The Automobile Club 21,034,797,138                  10,199,876,032 10,834,921,106                8,076,044,102                  7,726,075,738                5,739,111,152                  774,451,673 (125,733,844)             
11592 International Fidelity Ins Co 121,453,110 42,074,370  79,378,741  3,735,503  4,135,074  76,622  (168,127)  (418,110)  
17182 Intrepid Cas Co 34,354,173  3,379,434  30,974,739  -  -  -  -  -  
10749 Intrepid Ins Co 93,682,436  58,357,142  35,325,294  -  -  -  -  -  
36153 Inverin Ins Co 8,146,333  93,105  8,053,228  -  -  -  -  (111,963)  
23647 Ironshore Ind Inc 206,085,737 99,536,644  106,549,093 -  -  -  -  -  
16116 JM Specialty Ins Co 19,237,538  1,602,748  17,634,790  -  -  -  -  -  
13685 James River Cas Co 184,131,248 133,674,853 50,456,395  39,817,030  42,020,173  24,717,980  8,675,207  (3,557,311)                   
11630 Jefferson Ins Co 780,742,466 575,693,149 205,049,317 383,354,652 367,277,291 87,995,824  6,736,399  146,352,815               
14354 Jewelers Mut Ins Co S I 1,008,654,035 397,336,486 611,317,549 426,288,096 412,382,037 122,993,482 13,964,738  70,976,034                  
10914 Kemper Independence Ins Co 20,995,555  11,673,708  9,321,847  -  -  -  -  -  
29149 Kentucky Natl Ins Co 6,719,699  4,579,489  2,140,210  4,114,688  4,746,035  3,397,157  1,113,389  (2,593,216)                   
10885 Key Risk Ins Co 134,311,575 86,418,359  47,893,216  -  -  -  -  -  
12199 Keystone Natl Ins Co 43,472,153  28,074,984  15,397,169  7,060,497  6,669,357  2,008,527  644,223  1,099,265  
13722 Knightbrook Ins Co 266,203,217 176,470,701 89,732,516  9,049,106  6,461,098  1,261,580  833,076  2,327,370  
37800 Kookmin Best Ins Co Ltd 42,546,311  5,890,182  36,656,128  (3,052,291)  (481,629)  3,396,143  6,248,406  (13,081,492)                
36447 LM Gen Ins Co 51,715,889  20,459,285  31,256,604  -  -  -  -  -  
33600 LM Ins Corp 130,875,648 4,007,488  126,868,160 -  -  -  -  -  
32352 LM Prop & Cas Ins Co 61,296,909  19,297,575  41,999,334  -  -  (20,040)  20,040  -  
12472 LUBA Cas Ins Co 297,913,797 144,052,577 153,861,220 92,941,265  88,825,207  47,686,053  13,659,588  (8,753,385)                   
16001 LUBA Ind Ins Co 7,474,663  746,430  6,728,233  -  -  -  -  -  
17728 Lancaster Mut Ins Co 9,960,867  3,105,899  6,854,968  -  -  (96,000)  (11,178)  441,792  
____________
June 1, 2026
__________
Page 13 of 26
State Corporation Commission - Bureau of Insurance - Financial Regulation 
2025 Financial Data for Foreign Property and Casualty Insurers
Cocode Company Name ADMITTED ASSETS LIABILITIES SURPLUS
NET PREMIUM 
WRITTEN PREMIUMS EARNED LOSSES INCURRED
LOSS ADJ EXPENSE 
INCURRED NET U/W GAIN
26077 Lancer Ins Co 802,613,097 580,273,451 222,339,646 274,853,260 282,959,939 160,697,867 46,562,337  (8,193,500)                   
37680 Lancer Ins Co of NJ 24,464,751  13,733,965  10,730,786  -  -  -  -  -  
37109 Landcar Cas Co 115,821,515 45,363,472  70,458,042  14,831,195  15,411,348  8,259,014  210,464  5,501,165  
16023 Lemonade Ins Co 888,831,581 655,135,114 233,696,467 529,400,199 399,375,591 244,647,827 21,958,411  10,835,328                  
37940 Lexington Natl Ins Corp 159,520,139 133,804,797 25,715,342  33,228,248  30,483,637  2,769,815  243,905  1,134,949  
13307 Lexon Ins Co 814,972,032 706,944,661 108,027,371 -  -  -  -  -  
42404 Liberty Ins Corp 237,140,499 17,247,059  219,893,440 -  -  -  -  -  
19917 Liberty Ins Underwriters Inc 353,910,481 231,410,632 122,499,849 (1)  -  -  -  -  
23035 Liberty Mut Fire Ins Co 9,299,036,047 6,821,397,227 2,477,638,820                   2,978,339,026                  3,040,319,487                1,408,260,305                  292,107,799 319,128,791               
23043 Liberty Mut Ins Co 79,161,066,336                  46,097,112,301 33,063,954,035                18,614,618,892                19,001,996,789             8,801,626,905                  1,827,317,814               1,995,064,885           
14486 Liberty Mut Mid Atlantic Ins Co 25,789,569  2,543,347  23,246,222  -  -  -  -  -  
12484 Liberty Mut Personal Ins Co 17,985,855  1,252,389  16,733,466  1  -  -  -  -  
40550 Lio Ins Co 222,660,054 114,371,647 108,288,407 64,676,893  66,780,508  60,355,818  8,589,287  (35,186,549)                
11075 Lion Ins Co 330,291,361 168,966,317 161,325,044 19,478,939  19,485,606  4,674,469  5,193,799  1,391,096  
11054 Lismore Ins Co 10,486,220  2,260,570  8,225,649  -  -  -  -  (144,452)  
14400 Lititz Mut Ins Co 637,953,027 214,443,621 423,509,406 149,162,064 137,734,811 95,822,713  11,298,046  (17,510,709)                
10051 Lyndon Southern Ins Co 1,233,486,698 946,540,774 286,945,924 567,278,840 543,025,514 281,392,202 26,847,777  34,693,744                  
42617 MAG Mut Ins Co 2,936,122,516 1,856,747,206 1,079,375,310                   600,724,469 551,000,847 354,618,963 76,910,363  (37,453,385)                
12041 MBIA Ins Corp 156,582,722 82,244,146  74,338,576  5,312,071  12,885,092  29,016,976  (2,984,270)  (24,742,066)                
14164 MEMIC Cas Co 197,554,734 137,990,420 59,564,314  59,460,331  56,257,191  28,085,866  8,883,553  1,413,877  
11030 MEMIC Ind Co 669,238,967 466,979,150 202,259,817 194,957,020 190,133,365 98,440,276  35,555,376  (6,377,817)                   
40150 MGA Ins Co Inc 437,773,045 305,385,059 132,387,986 407,835,669 382,666,873 205,726,525 45,200,403  6,890,726  
22594 MGIC Assur Corp Gen Account 402,036,839 40,621,911  361,414,928 14,481,624  14,531,162  (16,170)  (505)  3,775,237  
10682 MGIC Credit Assur Corp 10,375,757  104,470  10,271,287  191 191 (133,605)  47 (21,639)  
18740 MGIC Ind Corp 138,518,465 23,145,811  115,372,654 86 544,652  (60,378)  (1,944)  9,684,792  
16203 MGT Ins Co 61,135,403  10,658,099  50,477,304  505,138  164,050  15,300  162 (3,187,333)                   
38660 MIC Gen Ins Corp 45,743,571  28,730,503  17,013,068  -  -  -  -  -  
38601 MIC Prop & Cas Ins Corp 119,130,890 61,631,562  57,499,328  -  -  -  -  -  
15997 MMG Ins Co 446,677,490 292,283,148 154,394,342 275,921,086 270,325,805 144,760,285 34,425,418  (6,089,241)                   
16942 MMIC Ins Inc 669,476,881 482,203,692 187,273,189 157,629,610 157,473,302 76,930,109  74,062,194  (30,369,319)                
21075 MS Transverse Ins Co 337,622,988 252,742,705 84,880,283  50,524,227  40,455,489  19,788,028  4,413,260  33,405,564                  
16498 MTAW Ins Co 10,618,048  1,543,705  9,074,343  -  -  -  -  (94,061)  
29939 Main St Amer Assur Co 31,535,606  540,971  30,994,635  -  -  -  -  -  
13026 Main Street Amer Protection Ins Co 33,952,336  7,403,691  26,548,645  -  -  -  -  -  
11149 Maine Employers Mut Ins Co 1,284,779,253 566,954,891 717,824,361 182,285,508 184,304,343 99,468,770  17,868,880  10,094,216                  
36897 Manufacturers Alliance Ins Co 314,616,155 227,411,566 87,204,589  83,373,035  83,693,682  47,350,798  15,023,133  2,860,063  
10829 Markel Global Reins Co 7,442,167,209 4,961,303,781 2,480,863,428                   1,458,350,159                  1,557,548,052                927,741,748 124,737,449 1,929,096  
38970 Markel Ins Co 6,247,127,405 3,027,377,357 3,219,750,048                   849,332,512 848,559,929 411,740,712 103,174,259 20,233,484                  
22306 Massachusetts Bay Ins Co 84,645,598  146,410  84,499,188  -  -  -  -  -  
____________
June 1, 2026
__________
Page 14 of 26
State Corporation Commission - Bureau of Insurance - Financial Regulation 
2025 Financial Data for Foreign Property and Casualty Insurers
Cocode Company Name ADMITTED ASSETS LIABILITIES SURPLUS
NET PREMIUM 
WRITTEN PREMIUMS EARNED LOSSES INCURRED
LOSS ADJ EXPENSE 
INCURRED NET U/W GAIN
10784 Maxum Cas Ins Co 28,714,019  8,138,766  20,575,253  -  -  -  -  -  
11498 MdAdvantage Ins Co of NJ 66,904,257  17,282,343  49,621,914  -  -  -  -  580,285  
32522 Medical Mut Ins Co Of NC 779,128,668 535,812,969 243,315,699 148,028,961 143,349,324 92,273,514  73,201,091  (57,378,720)                
11843 Medical Protective Co 7,203,470,132 2,051,895,556 5,151,574,576                   460,173,759 431,615,401 244,530,041 73,260,417  16,107,831                  
12754 Medicus Ins Co 7,163,250  210,887  6,952,363  -  -  -  (78,000)  (45,898)  
22241 Medmarc Cas Ins Co 138,948,130 70,654,045  68,294,085  9,851,687  20,272,082  11,837,088  3,095,585  1,639,129  
22454 Mendakota Ins Co 28,735,759  18,767,447  9,968,312  -  -  -  -  -  
33650 Mendota Ins Co 153,523,866 126,534,084 26,989,782  49,112,335  42,617,252  24,422,997  21,966,489  (4,390,692)                   
31968 Merastar Ins Co 68,424,607  41,594,066  26,830,541  -  -  -  -  -  
14494 Merchants Bonding Co a Mut 610,077,798 225,938,891 384,138,907 253,902,885 239,440,430 6,365,492  6,839,826  60,114,795                  
11595 Merchants Natl Bonding Inc 96,187,923  50,106,575  46,081,348  34,623,121  32,650,968  868,022  932,432  8,206,427  
11908 Mercury Cas Co 4,539,828,379 2,851,118,654 1,688,709,725                   1,933,647,351                  1,892,307,079                1,279,685,747                  257,531,034 (117,831,838)             
23353 Meridian Security Ins Co 90,252,814  55,895,864  34,356,950  -  -  -  -  -  
16187 Metromile Ins Co 225,725,864 182,697,326 43,028,538  72,901,174  35,378,082  19,584,794  219,431  (3,526,968)                   
39950 Metropolitan Gen Ins Co 470,086,318 268,920,532 201,165,786 637,503,309 584,179,575 400,259,532 19,008,032  (19,853,560)                
14508 Michigan Millers Mut Ins Co 410,701,225 274,735,159 135,966,063 162,665,393 171,015,322 82,147,110  17,260,074  9,354,036  
40932 Mico Ins Co 158,307,885 116,542,874 41,765,011  24,041,910  24,090,442  12,694,626  3,767,284  449,520  
21687 Mid Century Ins Co 9,290,455,609 3,852,517,402 5,437,938,208                   3,362,059,623                  3,112,317,763                1,525,335,274                  188,783,660 513,535,543               
15380 Mid Continent Assur Co 20,960,916  34,986  20,925,929  -  -  -  -  -  
23418 Mid Continent Cas Co 729,063,286 459,648,790 269,414,494 184,394,228 178,146,008 76,529,392  37,763,005  3,312,130  
12839 MidSouth Ins Co 36,909,598  23,855,946  13,053,652  9,321,805  9,536,195  2,692,641  174,533  (380,645)  
23434 Middlesex Ins Co 127,920,321 3,424,846  124,495,475 -  -  -  -  -  
20451 Midstates Reins Corp 40,161,252  30,211,834  9,949,414  -  -  (520,892)  954,566  (2,569,401)                   
27138 Midvale Ind Co 155,494,837 136,504,335 18,990,502  -  -  -  -  -  
23612 Midwest Employers Cas Co 240,212,999 96,010,134  144,202,865 -  -  -  -  -  
23515 Midwestern Ind Co 11,608,471  204,314  11,404,157  -  -  -  -  -  
41653 Milbank Ins Co 103,548,186 23,577,259  79,970,927  -  -  -  -  -  
26662 Milford Cas Ins Co 28,009,484  433,666  27,575,818  -  -  -  -  -  
14575 Millers Capital Ins Co 266,902,645 147,114,259 119,788,386 95,963,168  94,971,476  38,059,787  9,350,181  7,492,915  
42234 Minnesota Lawyers Mut Ins Co 293,146,600 106,655,909 186,490,691 40,561,758  40,395,852  8,043,809  10,216,824  9,606,491  
20362 Mitsui Sumitomo Ins Co of Amer 3,194,144,974 1,954,110,234 1,240,034,740                   779,959,621 641,711,863 315,694,839 121,965,966 22,961,660                  
22551 Mitsui Sumitomo Ins USA Inc 493,571,548 254,514,067 239,057,481 97,494,953  80,213,983  39,461,855  15,245,746  2,695,947  
10675 Mobilitas Gen Ins Co  258,894,216 231,688,881 27,205,335  -  -  -  -  -  
32506 Monroe Guar Ins Co 66,809,725  1,855,134  64,954,591  -  -  -  -  (312,111)  
14613 Montgomery Mut Ins Co 63,395,840  1,924,250  61,471,590  -  -  -  -  -  
29858 Mortgage Guar Ins Corp 6,331,754,499 5,444,612,788 887,141,711 924,004,299 944,077,376 43,017,705  6,098,306  680,625,703               
13331 Motorists Commercial Mut Ins Co 946,469,064 596,630,618 349,838,446 189,506,833 189,889,395 100,063,559 29,695,064  3,543,268  
14621 Motorists Mut Ins Co 2,271,375,348 1,311,013,169 960,362,179 340,829,452 341,517,492 179,965,046 53,406,794  6,372,603  
22012 Motors Ins Corp 2,555,919,087 1,432,075,748 1,123,843,339                   762,611,491 741,963,097 530,538,763 42,142,057  11,829,705                  
____________
June 1, 2026
__________
Page 15 of 26
State Corporation Commission - Bureau of Insurance - Financial Regulation 
2025 Financial Data for Foreign Property and Casualty Insurers
Cocode Company Name ADMITTED ASSETS LIABILITIES SURPLUS
NET PREMIUM 
WRITTEN PREMIUMS EARNED LOSSES INCURRED
LOSS ADJ EXPENSE 
INCURRED NET U/W GAIN
10227 Munich Reins Amer Inc 25,082,771,916                  18,636,728,509 6,446,043,407                   7,699,038,331                  7,411,676,855                4,374,180,226                  478,100,175 (276,455,448)             
25240 NAU Country Ins Co 1,365,220,991 1,130,483,052 234,737,939 678,468,404 686,505,922 503,888,999 47,625,527  (394,358)  
15865 NCMIC Ins Co 907,272,043 477,948,958 429,323,085 154,345,883 148,012,168 62,303,924  31,933,162  13,035,276                  
14788 NGM Ins Co 876,553,974 250,345,171 626,208,803 -  -  -  -  -  
43001 Narragansett Bay Ins Co 429,054,002 340,557,965 88,496,037  197,573,948 189,850,760 113,512,695 18,963,154  10,840,387                  
23663 National Amer Ins Co 540,289,628 407,962,221 132,327,407 218,030,800 208,900,299 105,150,702 22,118,309  9,153,344  
16632 National Builders Ins Co 61,927,753  16,496,140  45,431,613  -  -  -  -  -  
11991 National Cas Co 1,129,081,944 898,680,020 230,401,924 164,740,862 166,442,440 84,785,735  16,563,682  6,537,373  
10243 National Continental Ins Co 151,276,103 42,386,469  108,889,634 24,833,514  23,345,821  10,157,327  2,462,474  3,985,727  
16217 National Farmers Union Prop & Cas 30,972,854  20,188,428  10,784,426  -  -  -  -  -  
15679 National Fire & Ind Exch 12,240,535  6,319,640  5,920,895  5,343,227  5,151,514  1,616,773  492,780  283,442  
20478 National Fire Ins Co Of Hartford 76,418,446  51,016  76,367,430  -  -  -  -  -  
42447 National Gen Assur Co 57,652,217  41,648,733  16,003,484  -  -  -  -  -  
23728 National Gen Ins Co 126,678,468 111,177,375 15,501,093  -  -  -  -  -  
11044 National General Ins Online Inc 38,319,497  26,794,702  11,524,795  -  -  -  -  -  
20087 National Ind Co 402,387,960,757                143,266,084,340                  259,121,876,417              33,424,730,753                33,064,360,633             20,584,022,921               2,251,962,445               3,041,785,455           
32620 National Interstate Ins Co 2,402,463,136 1,876,175,869 526,287,267 723,997,962 710,741,603 385,006,946 89,340,522  37,211,732                  
20052 National Liab & Fire Ins Co 6,698,352,192 3,700,557,227 2,997,794,965                   1,206,092,035                  1,204,685,620                598,064,300 153,795,977 136,955,236               
13695 National Mortgage Ins Corp 3,616,831,925 2,606,558,420 1,010,273,505                   503,261,628 521,462,875 56,625,502  1,023,998  92,160,973                  
23825 National Public Finance Guar Corp 1,345,847,804 689,636,303 656,211,501 9,480,170  33,522,520  (42,274,398) 7,539,971  31,530,770                  
22608 National Specialty Ins Co 303,732,572 205,181,103 98,551,469  49,739,841  47,985,596  22,684,845  2,770,291  6,796,988  
15474 National Summit Ins Co 279,425,008 212,113,702 67,311,307  69,430,189  72,925,623  44,635,098  11,623,854  1,647,978  
21881 National Surety Corp 184,214,457 95,393,010  88,821,447  -  -  -  -  -  
20141 National Trust Ins Co 45,292,774  1,280,957  44,011,817  -  -  -  -  39,677  
19445 National Union Fire Ins Co of Pittsb 20,549,261,836                  14,702,194,027 5,847,067,809                   4,865,782,329                  4,872,753,201                2,548,499,911                  434,004,306 597,615,337               
26093 Nationwide Affinity Co of Amer 86,479,097  75,990,776  10,488,321  -  -  -  -  -  
28223 Nationwide Agribusiness Ins Co 1,621,504,113 1,330,966,635 290,537,478 494,206,171 499,310,905 252,433,362 49,364,175  21,846,609                  
10723 Nationwide Assur Co 196,952,957 130,950,973 66,001,984  -  -  -  -  -  
23760 Nationwide Gen Ins Co 1,141,307,574 817,947,677 323,359,897 164,735,391 166,436,969 85,319,827  16,462,169  6,099,323  
25453 Nationwide Ins Co Of Amer 1,119,920,068 832,459,365 287,460,703 164,735,391 166,436,969 84,144,452  16,454,735  7,282,132  
10948 Nationwide Ins Co Of FL 56,179,344  30,684,439  25,494,905  -  -  -  -  -  
23787 Nationwide Mut Ins Co 52,014,933,904                  28,498,089,537 23,516,844,367                15,485,126,689                15,645,074,988             7,909,578,727                  1,546,743,644               665,250,190               
37877 Nationwide Prop & Cas Ins Co 417,418,239 365,562,651 51,855,588  -  -  -  -  -  
42307 Navigators Ins Co 8,710,868,383 6,210,978,187 2,499,890,197                   2,463,015,684                  2,438,041,536                1,336,844,559                  140,039,618 260,398,093               
24171 Netherlands Ins Co The 25,191,358  1,243,895  23,947,465  -  -  -  -  -  
21830 New England Ins Co 15,256,752  1,558,175  13,698,577  -  -  1,075,509  125,920  (1,203,621)                   
23841 New Hampshire Ins Co 94,451,226  24,126,090  70,325,137  -  -  -  -  -  
12130 New South Ins Co 81,067,529  71,763,574  9,303,955  -  -  -  -  -  
16608 New York Marine & Gen Ins Co 3,035,253,986 2,173,917,872 861,336,113 895,488,071 916,396,229 473,567,698 112,932,303 59,069,857                  
____________
June 1, 2026
__________
Page 16 of 26
State Corporation Commission - Bureau of Insurance - Financial Regulation 
2025 Financial Data for Foreign Property and Casualty Insurers
Cocode Company Name ADMITTED ASSETS LIABILITIES SURPLUS
NET PREMIUM 
WRITTEN PREMIUMS EARNED LOSSES INCURRED
LOSS ADJ EXPENSE 
INCURRED NET U/W GAIN
16285 Next Ins US Co 324,678,216 220,346,173 104,332,043 2,333,843  26,336,160  11,665,245  4,750,923  12,936,232                  
27905 NLC Mut Ins Co 582,919,541 305,630,252 277,289,289 61,681,719  63,252,965  61,639,512  1,929,427  (5,474,550)                   
33200 Norcal Ins Co 1,405,077,699 839,537,000 565,540,699 203,045,188 212,831,583 59,583,826  72,076,985  29,579,354                  
31470 Norguard Ins Co 2,187,583,777 1,650,563,734 537,020,043 250,915,149 298,088,358 266,456,281 39,080,334  (93,166,045)                
13012 Normandy Ins Co 102,012,595 75,736,454  26,276,142  52,850,965  54,696,762  26,606,541  11,181,657  (3,633,108)                   
27740 North Pointe Ins Co 26,934,757  6,761,800  20,172,957  -  -  -  -  -  
21105 North River Ins Co 2,522,100,842 1,781,334,634 740,766,208 1,036,116,849                  1,006,582,717                585,302,712 68,218,927  49,450,004                  
24031 Northland Cas Co 151,566,113 109,060,815 42,505,297  55,345,199  54,769,835  30,025,837  4,862,549  4,846,655  
24015 Northland Ins Co 1,572,987,389 990,551,418 582,435,971 482,293,872 477,279,990 261,653,720 42,373,623  42,235,218                  
13045 Northstone Ins Co 157,941,344 127,912,852 30,028,492  18,384,992  18,422,103  9,707,661  2,880,864  343,745  
42552 Nova Cas Co 105,987,866 674,580  105,313,286 -  -  -  -  -  
39608 Nutmeg Ins Co 542,634,291 242,865,162 299,769,129 106,682,598 103,002,217 51,890,780  10,074,713  9,995,731  
15645 OBI Amer Ins Co 16,129,502  48,381  16,081,121  -  -  -  -  -  
14190 OBI Natl Ins Co 14,049,738  41,810  14,007,928  -  -  -  -  -  
34630 Oak River Ins Co 1,574,301,057 657,386,508 916,914,549 186,128,097 186,698,169 100,022,993 34,976,743  (239,117)  
31208 Oakwood Ins Co 42,094,693  347,735  41,746,957  -  -  -  -  (567,109)  
35602 Obsidian Ins Co 204,956,457 127,570,373 77,386,084  -  -  -  -  (916,674)  
23248 Occidental Fire & Cas Co Of NC 578,609,325 224,955,115 353,654,210 134,819,271 135,851,939 58,901,492  19,288,439  1,547,720  
23680 Odyssey Reins Co 18,510,424,112                  12,197,347,321 6,313,076,791                   5,112,857,080                  5,008,055,037                3,147,430,915                  171,736,324 345,369,184               
24074 Ohio Cas Ins Co 10,118,517,954                  6,661,351,204 3,457,166,750                   2,978,339,024                  3,040,319,487                1,408,260,305                  292,107,800 319,128,790               
24104 Ohio Farmers Ins Co 4,628,978,871 1,119,099,767 3,509,879,104                   613,128,938 592,720,574 279,660,944 48,924,526  51,616,320                  
26565 Ohio Ind Co 358,605,896 260,687,349 97,918,547  267,712,581 217,620,205 106,118,107 10,678,726  13,901,059                  
10202 Ohio Mut Ins Co 501,756,596 103,047,180 398,709,416 102,934,047 98,765,516  51,841,789  7,261,493  7,345,126  
24082 Ohio Security Ins Co 22,176,313  4,731,963  17,444,350  -  -  -  -  -  
40231 Old Dominion Ins Co 21,584,410  356,130  21,228,280  -  -  -  -  -  
17558 Old Guard Ins Co 745,170,306 425,699,211 319,471,095 290,429,497 280,762,377 132,470,974 23,174,775  24,449,835                  
24139 Old Republic Gen Ins Corp 2,742,350,568 2,062,334,404 680,016,164 468,099,668 463,987,080 359,700,699 39,698,671  (16,839,250)                
24147 Old Republic Ins Co 4,449,045,607 3,046,164,126 1,402,881,480                   688,271,454 684,289,496 242,568,327 38,452,540  156,774,352               
35424 Old Republic Security Assur Co 467,160,081 206,380,011 260,780,070 7,302,473  7,905,824  (19,044,463) 34,928  21,140,327                  
40444 Old Republic Surety Co 212,623,832 121,748,644 90,875,188  135,921,831 142,710,371 27,941,385  7,853,439  4,891,840  
37060 Old United Cas Co 1,173,574,388 650,232,098 523,342,290 242,347,993 208,630,003 93,427,713  30,160  49,074,780                  
33006 Openly Ins Co 21,617,254  7,225,628  14,391,626  2,130,492  13,043,764  11,620,973  425,526  (116,966)  
32700 Owners Ins Co 6,912,283,391 4,264,092,492 2,648,190,899                   3,173,062,436                  3,115,583,305                1,590,089,423                  176,643,074 367,083,896               
22748 Pacific Employers Ins Co 1,023,173,942 103,010,711 920,163,231 -  -  -  -  -  
20346 Pacific Ind Co 17,414,524,901                  12,950,208,049 4,464,316,852                   5,473,429,485                  5,239,624,357                3,187,356,411                  612,771,493 124,298,110               
37850 Pacific Specialty Ins Co 335,852,324 199,581,974 136,270,350 189,756,408 184,970,025 85,962,178  21,859,471  (12,767,995)                
20338 Palomar Specialty Ins Co 1,616,380,234 1,082,820,839 533,559,395 921,831,838 782,738,950 162,596,764 55,324,525  180,464,520               
10859 Park Natl Ins Co 25,749,074  4,332,077  21,416,997  -  -  -  -  (11,916)  
38636 Partner Reins Co Of The US 8,479,242,638 6,389,516,217 2,089,726,421                   1,900,835,793                  1,955,197,873                1,619,795,912                  97,805,455  (398,472,605)             
____________
June 1, 2026
__________
Page 17 of 26
State Corporation Commission - Bureau of Insurance - Financial Regulation 
2025 Financial Data for Foreign Property and Casualty Insurers
Cocode Company Name ADMITTED ASSETS LIABILITIES SURPLUS
NET PREMIUM 
WRITTEN PREMIUMS EARNED LOSSES INCURRED
LOSS ADJ EXPENSE 
INCURRED NET U/W GAIN
11835 PartnerRe Amer Ins Co 325,693,549 254,811,171 70,882,378  28,462,473  28,558,037  17,928,913  1,788,513  12,509,721                  
23442 Patriot Gen Ins Co 26,099,158  628,813  25,470,345  -  -  -  -  -  
18139 Peak Prop & Cas Ins Corp 90,486,597  3,536,533  86,950,064  -  -  -  -  -  
18333 Peerless Ind Ins Co 195,278,338 7,113,404  188,164,934 -  -  -  -  -  
24198 Peerless Ins Co 24,517,499,587                  16,788,898,887 7,728,600,700                   7,445,847,566                  7,600,798,717                3,520,650,762                  730,269,500 797,821,977               
39900 Peninsula Ind Co 24,561,864  16,334,391  8,227,473  8,459,361  8,808,622  5,827,484  1,334,212  (1,584,112)                   
14958 Peninsula Ins Co 102,583,183 48,632,092  53,951,091  30,410,323  33,042,878  16,982,817  2,783,283  2,734,887  
14982 Penn Millers Ins Co 105,705,435 49,710,833  55,994,602  -  -  -  -  -  
32441 Penn Natl Security Ins Co 1,219,439,744 801,940,218 417,499,526 471,589,663 466,964,147 274,562,607 42,286,139  (1,943,930)                   
21962 Pennsylvania Ins Co 283,942,361 192,932,446 91,009,915  57,664,889  50,204,119  28,447,833  6,084,127  (6,697,720)                   
14974 Pennsylvania Lumbermens Mut Ins 855,962,369 630,498,674 225,463,695 296,123,990 296,019,811 220,691,309 24,606,840  (17,817,564)                
12262 Pennsylvania Manufacturers Assoc Ins 1,623,506,158 1,295,622,853 327,883,305 250,119,103 251,081,054 142,052,392 45,069,401  8,580,205  
41424 Pennsylvania Manufacturers Ind Co 323,424,533 226,326,949 97,097,584  83,373,035  83,693,682  47,350,798  15,023,133  2,860,063  
14990 Pennsylvania Natl Mut Cas Ins Co 1,762,652,120 847,916,854 914,735,266 471,589,663 466,964,147 274,562,602 42,286,135  (1,943,921)                   
37648 Permanent Gen Assur Corp 336,920,494 93,912,763  243,007,731 -  -  -  -  -  
22906 Permanent Gen Assur Corp Of OH 91,809,704  1,568,777  90,240,928  -  -  -  -  -  
12297 Petroleum Cas Co 32,756,032  6,226,949  26,529,083  654,832  675,913  (171,686)  (1,038,079)  1,371,595  
13714 Pharmacists Mut Ins Co 315,635,095 219,177,359 96,457,736  65,789,518  65,480,942  32,936,225  7,369,540  (1,038,642)                   
23175 Phenix Mut Fire Ins Co 127,256,819 92,466,985  34,789,834  19,799,223  19,839,192  10,454,396  3,102,469  370,200  
18058 Philadelphia Ind Ins Co 13,580,101,258                  9,352,494,186 4,227,607,072                   4,239,369,568                  4,071,667,358                2,061,703,119                  425,794,871 250,551,972               
25623 Phoenix Ins Co 6,036,487,391 3,879,412,462 2,157,074,928                   1,977,436,630                  1,956,887,933                1,072,351,313                  173,662,396 173,917,539               
21296 Pinnacle Nat Ins Co 49,783,287  23,932,945  25,850,342  16,579,947  15,995,199  7,561,615  923,430  2,265,663  
15137 Pinnaclepoint Ins Co 202,214,445 163,030,143 39,184,302  24,041,910  24,090,442  12,694,626  3,767,284  449,520  
10817 Plateau Cas Ins Co 101,129,963 59,866,873  41,263,090  65,534,142  60,611,973  32,739,326  2,581,853  3,584,273  
18619 Platte River Ins Co 188,113,941 122,434,654 65,679,287  32,011,268  29,983,613  11,769,533  4,671,826  469,252  
30945 Plaza Ins Co 25,963,499  995,032  24,968,467  -  -  -  -  -  
36587 Plymouth Rock Assur Preferred Corp 304,932,743 247,188,016 57,744,727  84,610,063  73,959,303  44,713,730  7,716,278  5,402,520  
27251 PMI Mortgage Ins Co 530,360,350 1,255,912,962 (725,552,612) 17,015,487  17,032,374  (7,841,870)  3,775,710  15,686,511                  
22888 Point Ins Co 5,908,116  3,493  5,904,623  -  -  -  -  -  
25747 Point Specialty Ins Co 13,053,769  545,913  12,507,856  -  -  -  -  -  
16659 Poseidon Commercial Ins Co 7,655,063  150,776  7,504,287  -  -  -  -  (406,797)  
13694 Poseidon Structured Mortgage Ins Co 7,659,660  154,911  7,504,749  -  -  -  -  (428,940)  
37257 Praetorian Ins Co 437,831,815 352,098,079 85,733,736  199,549,531 201,913,507 148,202,648 14,007,507  (115,989)  
10900 Preferred Employers Ins Co 105,611,289 48,992,260  56,619,029  -  -  -  -  -  
36234 Preferred Professional Ins Co 141,866,533 41,230,051  100,636,483 -  -  (12,588)  (899)  13,487  
10800 Premier Grp Ins Co Inc 49,976,849  25,042,098  24,934,751  12,746,687  12,729,043  7,099,096  3,200,903  (871,114)  
12773 Prescient Natl Ins Co 140,894,540 52,406,160  88,488,379  19,292,947  20,003,099  4,727,540  1,875,824  7,809,243  
42226 Princeton Ins Co 432,189,432 126,774,995 305,414,436 2,932,229  3,013,633  1,943,065  504,829  18,127  
12873 Privilege Underwriters Recp Exch 2,909,468,252 1,923,681,767 985,786,485 1,723,367,692                  1,641,250,391                824,512,782 166,455,097 (10,748,041)                
____________
June 1, 2026
__________
Page 18 of 26
State Corporation Commission - Bureau of Insurance - Financial Regulation 
2025 Financial Data for Foreign Property and Casualty Insurers
Cocode Company Name ADMITTED ASSETS LIABILITIES SURPLUS
NET PREMIUM 
WRITTEN PREMIUMS EARNED LOSSES INCURRED
LOSS ADJ EXPENSE 
INCURRED NET U/W GAIN
33391 ProAssurance Ind Co Inc 2,238,508,858 1,622,435,810 616,073,048 405,797,157 407,598,407 204,000,223 97,069,801  (3,628,315)                   
14460 ProAssurance Ins Co of Amer 325,051,463 233,881,437 91,170,026  64,377,147  65,891,431  14,807,692  38,117,994  (474,974)  
34312 Producers Agriculture Ins Co 551,366,540 493,137,521 58,229,019  (63,847)  (5,411)  (8)  -  (4,165,965)                   
11127 Professional Solutions Ins Co 33,568,270  23,126,791  10,441,479  3,224,742  3,408,729  613,912  751,889  175,422  
29017 Professionals Advocate Ins Co 186,648,456 27,902,119  158,746,337 3,624,547  2,996,579  1,624,406  1,369,889  (2,266,342)                   
11851 Progressive Advanced Ins Co 1,800,891,689 1,025,897,772 774,993,917 1,294,844,658                  1,250,312,532                729,626,496 111,211,163 126,758,917               
24252 Progressive Amer Ins Co 1,511,181,074 896,152,466 615,028,608 732,141,077 723,404,479 414,871,155 58,682,307  93,870,733                  
24260 Progressive Cas Ins Co 24,946,224,700                  19,409,485,800 5,536,738,900                   17,937,456,376                17,723,409,734             10,164,343,305               1,437,716,519               2,299,832,952           
42994 Progressive Classic Ins Co 1,305,824,479 979,899,833 325,924,646 1,098,211,615                  1,085,106,718                622,306,733 88,023,460  140,806,099               
12879 Progressive Commercial Cas Co 9,505,079  78,046  9,427,033  -  -  -  -  (79,277)  
16322 Progressive Direct Ins Co 24,595,031,158                  17,515,328,118 7,079,703,040                   24,925,759,674                24,068,516,234             14,045,310,051               2,140,814,885               2,440,109,152           
42412 Progressive Gulf Ins Co 885,641,390 668,064,552 217,576,838 732,141,077 723,404,479 414,871,155 58,682,307  93,870,733                  
24279 Progressive Max Ins Co 1,849,880,474 1,292,352,363 557,528,111 1,942,266,988                  1,875,468,797                1,094,439,744                  166,816,744 190,138,376               
35190 Progressive Mountain Ins Co 1,021,772,535 794,061,423 227,711,112 366,070,538 361,702,239 207,435,578 29,341,153  46,935,366                  
38628 Progressive Northern Ins Co 5,362,755,438 4,064,070,724 1,298,684,714                   4,392,846,459                  4,340,426,874                2,489,226,932                  352,093,841 563,224,397               
42919 Progressive Northwestern Ins Co 5,263,823,740 3,936,836,039 1,326,987,701                   4,392,846,459                  4,340,426,874                2,489,226,932                  352,093,841 563,224,397               
44695 Progressive Paloverde Ins Co 524,715,610 342,943,029 181,772,581 161,855,582 156,289,066 91,203,312  13,901,395  15,844,865                  
37834 Progressive Preferred Ins Co 2,762,373,746 2,104,028,172 658,345,574 2,196,423,230                  2,170,213,437                1,244,613,466                  176,046,921 281,612,198               
21735 Progressive Premier Ins Co Of IL 1,161,595,486 824,794,927 336,800,559 647,422,329 625,156,266 364,813,248 55,605,581  63,379,459                  
32786 Progressive Specialty Ins Co 3,219,037,157 2,374,653,211 844,383,946 2,562,493,768                  2,531,915,676                1,452,049,044                  205,388,074 328,547,564               
21727 Progressive Universal Ins Co 1,479,733,672 961,600,563 518,133,109 1,294,844,658                  1,250,312,532                729,626,496 111,211,163 126,758,917               
34690 Property & Cas Ins Co Of Hartford 628,353,900 277,882,882 350,471,017 76,201,856  73,573,013  37,064,843  7,196,224  7,139,808  
32905 Property Owners Ins Co 679,274,931 279,778,710 399,496,221 264,871,237 255,194,275 84,782,995  12,376,864  67,600,821                  
10638 Proselect Ins Co 50,797,849  30,737,902  20,059,948  -  -  -  -  -  
12416 Protective Ins Co 1,431,770,160 951,295,242 480,474,918 347,966,393 321,679,421 291,441,383 42,823,850  (145,803,579)             
35769 Protective Prop & Cas Ins Co 465,018,526 247,148,171 217,870,355 67,410,618  61,192,880  44,366,776  69,271  2,043,684  
24295 Providence Washington Ins Co 13,411,683  315,886  13,095,797  45,184  20,245  12,145  206 (244,191)  
15059 Public Serv Ins Co 78,656,127  43,220,033  35,436,093  -  -  (8,968,644)  1,624,321  5,182,372  
39217 QBE Ins Corp 3,834,223,630 3,132,010,214 702,213,415 1,716,125,962                  1,736,456,155                1,274,542,758                  120,464,568 (997,495)  
10219 QBE Reins Corp 1,220,271,525 392,798,508 827,473,018 199,549,531 201,913,507 148,202,648 14,007,508  (115,989)  
13056 RLI Ins Co 3,956,668,331 2,110,052,866 1,846,615,465                   981,298,215 941,554,162 412,061,984 96,896,663  40,219,281                  
22314 RSUI Ind Co 4,659,766,004 2,473,670,141 2,186,095,863                   910,816,020 965,725,799 385,474,378 52,689,929  296,466,243               
23132 RVI Amer Ins Co 120,387,141 26,794,611  93,592,530  3,546,947  3,818,884  192,888  392,901  (451,713)  
33790 Radian Guar Inc 6,406,278,273 5,760,163,227 646,115,046 927,314,022 936,269,366 62,642,287  5,257,079  570,518,908               
30872 Radian Mortgage Assur Inc 9,072,623  29,927  9,042,696  -  -  -  -  (199,150)  
15756 Radnor Specialty Ins Co 95,057,754  11,283,186  83,774,573  528,321  689,544  151,428  93,800  238,003  
38512 Rampart Ins Co 5,568,811  2,059,282  3,509,528  -  -  (29,000)  -  (60,695)  
11673 Redwood Fire & Cas Ins Co 3,443,011,994 1,508,310,578 1,934,701,416                   447,097,556 412,525,858 187,209,398 56,806,767  55,120,212  
24449 Regent Ins Co 62,585,589  21,897,972  40,687,617  -  -  -  -  -  
____________
June 1, 2026
__________
Page 19 of 26
State Corporation Commission - Bureau of Insurance - Financial Regulation 
2025 Financial Data for Foreign Property and Casualty Insurers
Cocode Company Name ADMITTED ASSETS LIABILITIES SURPLUS
NET PREMIUM 
WRITTEN PREMIUMS EARNED LOSSES INCURRED
LOSS ADJ EXPENSE 
INCURRED NET U/W GAIN
10357 Renaissance Reins US Inc 6,383,033,779 5,085,073,359 1,297,960,420                   1,448,748,000                  1,513,046,958                1,161,327,186                  10,810,583  (79,875,819)                
10810 Republic Fire & Cas Ins Co 11,675,894  55,423  11,620,471  -  -  -  -  -  
12475 Republic Franklin Ins Co 185,026,953 98,938,653  86,088,300  55,707,388  53,137,656  27,584,530  7,560,592  707,663  
22179 Republic Ind Co Of Amer 163,807,907 16,629,942  147,177,965 -  -  -  -  -  
31089 Repwest Ins Co 405,219,756 72,014,164  333,205,592 89,297,245  89,230,914  8,556,993  2,364,469  25,364,188                  
43044 Response Ins Co 35,672,563  5,357,560  30,315,003  -  -  -  -  -  
20133 Response Worldwide Direct Auto Ins C 12,952,230  187,673  12,764,558  -  -  -  -  -  
26050 Response Worldwide Ins Co 17,175,778  658,982  16,516,796  -  -  -  -  -  
21261 RiverStone Intl Ins Inc 582,787,723 390,811,120 191,976,603 9,159,192  15,409,317  (3,870,502)  2,352,962  (3,221,381)                   
36684 Riverport Ins Co 110,802,588 50,352,348  60,450,240  -  -  -  -  -  
12491 Rochdale Ins Co 38,785,057  11,856,769  26,928,288  -  -  -  -  -  
42706 Roche Surety & Cas Co Inc 33,675,438  22,617,068  11,058,370  2,689,680  2,686,891  -  -  155,637  
11089 Rock Ridge Ins Co 67,742,676  39,102,079  28,640,597  -  -  3,801,917  422,041  1,659,319  
35505 Rockwood Cas Ins Co 387,040,290 245,055,239 141,985,052 90,202,484  89,987,965  49,624,363  5,380,914  565,797  
10974 Root Ins Co 299,629,180 241,820,613 57,808,567  (18,421,494) 68,345,503  32,869,224  (6,781,457)  55,202,910                  
24503 Root Prop & Cas Ins Co 550,805,699 407,546,059 143,259,640 318,297,292 258,351,853 154,953,748 17,693,367  16,462,508                  
39039 Rural Comm Ins Co 1,006,935,242 834,856,797 172,078,445 -  -  -  -  -  
11134 Rural Trust Ins Co 64,325,675  45,000,774  19,324,901  17,267,163  17,136,809  8,627,107  2,204,727  3,721,230  
11347 SFM Mut Ins Co 1,057,997,801 651,865,492 406,132,309 241,468,611 241,703,436 131,930,850 40,275,524  8,278,846  
10130 SU Ins Co 39,352,160  22,289,189  17,062,971  31,788,526  30,407,747  18,344,388  3,091,363  327,523  
34762 SUNZ Ins Co 743,252,702 547,901,371 195,351,331 152,265,007 152,165,536 39,730,753  37,035,772  23,008,332                  
16502 Safe Auto Choice Ins Co 22,525,730  15,813,778  6,711,952  -  -  -  -  -  
25405 Safe Auto Ins Co 59,455,775  34,576,111  24,879,664  -  -  -  -  -  
16503 Safe Auto Value Ins Co 6,812,158  34,835  6,777,323  -  -  -  -  -  
36560 SafePort Ins Co 250,332,112 164,387,619 85,944,493  5,616,155  15,642,477  2,193,633  2,316,160  1,974,366  
24740 Safeco Ins Co Of Amer 7,966,209,989 5,046,206,215 2,920,003,774                   2,233,754,274                  2,280,239,616                1,056,195,229                  219,080,851 239,233,504               
39012 Safeco Ins Co Of IL 192,335,980 8,640,204  183,695,776 1  -  -  -  -  
11215 Safeco Ins Co Of IN 18,953,686  870,717  18,082,969  -  -  -  -  -  
24759 Safeco Natl Ins Co 7,746,723  221,091  7,525,632  -  -  -  -  -  
11123 Safety First Ins Co 113,573,244 51,214,012  62,359,232  4,351,493  3,656,915  240,407  2,352,214  2,283,196  
15105 Safety Natl Cas Corp 15,880,061,605                  10,837,941,231 5,042,120,374                   1,837,336,508                  1,797,150,104                1,239,129,865                  142,884,309 3,712,611  
40460 Sagamore Ins Co 215,062,330 36,497,428  178,564,902 2,917,804  3,097,608  (4,457,696)  1,990,914  520,623  
38300 Samsung Fire & Marine Ins Co Ltd 215,501,188 118,522,965 96,978,223  28,327,962  23,123,564  15,127,151  4,394,800  3,649,435  
15580 Scottsdale Ind Co 70,319,757  30,749,463  39,570,294  -  -  -  -  -  
10004 Seaview Ins Co 149,683,940 107,661,285 42,022,654  116,100,045 113,401,987 39,017,346  15,206,323  15,150,233                  
10054 Securian Cas Co 701,251,305 476,899,159 224,352,146 507,959,824 450,907,633 265,526,889 16,600,419  3,070,312  
19879 Security Natl Ins Company 1,206,608,101 891,600,860 315,007,241 403,609,510 400,442,311 215,074,717 56,779,603  (8,178,168)                   
22233 Select Ins Co 81,976,829  48,939  81,927,891  -  -  -  -  -  
12572 Selective Ins Co Of Amer 4,709,748,872 3,524,791,860 1,184,957,012                   1,557,278,285                  1,525,822,662                865,308,916 145,120,519 34,768,218                  
____________
June 1, 2026
__________
Page 20 of 26
State Corporation Commission - Bureau of Insurance - Financial Regulation 
2025 Financial Data for Foreign Property and Casualty Insurers
Cocode Company Name ADMITTED ASSETS LIABILITIES SURPLUS
NET PREMIUM 
WRITTEN PREMIUMS EARNED LOSSES INCURRED
LOSS ADJ EXPENSE 
INCURRED NET U/W GAIN
19259 Selective Ins Co Of SC 1,284,462,904 964,469,335 319,993,569 437,984,482 429,137,623 243,368,133 40,815,146  9,778,561  
39926 Selective Ins Co Of The Southeast 1,045,795,394 794,037,130 251,758,265 340,654,604 333,773,707 189,286,325 31,745,114  7,605,547  
26301 Selective Way Ins Co 2,761,248,522 2,027,218,070 734,030,452 1,021,963,808                  1,001,321,123                567,858,976 95,235,341  22,816,645                  
10936 Seneca Ins Co Inc 698,387,537 502,315,253 196,072,284 -  -  -  -  -  
11000 Sentinel Ins Co Ltd 455,004,013 158,064,632 296,939,381 45,721,114  44,143,808  22,238,906  4,317,734  4,283,885  
12870 Sentruity Cas Co 787,745,242 662,313,413 125,431,829 65,441,781  50,770,108  51,391,576  125,280  (542,839)  
28460 Sentry Cas Co 254,862,732 176,761,445 78,101,286  -  -  -  -  -  
24988 Sentry Ins Co 18,344,410,073                  9,759,841,471 8,584,568,602                   5,135,482,912                  5,155,847,962                3,174,108,638                  586,133,603 15,324,742                  
21180 Sentry Select Ins Co 173,096,046 46,130,739  126,965,308 -  -  -  -  -  
22985 Sequoia Ins Co 56,144,220  2,964,735  53,179,485  -  -  -  -  -  
39152 Service Amer Ind Co 209,234,537 181,261,398 27,973,139  27,916,564  27,685,259  17,618,952  4,385,212  (4,282,997)                   
43389 Service Lloyds Ins Co 443,302,405 305,202,176 138,100,229 157,730,895 157,167,313 106,568,727 25,351,679  (30,749,001)                
26869 Silver Oak Cas Inc 209,071,020 140,809,834 68,261,186  44,401,497  42,319,286  20,171,832  5,196,383  4,357,422  
38776 SiriusPoint Amer Ins Co 3,205,525,190 2,425,151,578 780,373,612 1,387,910,465                  1,200,080,729                668,675,909 52,513,899  (18,154,867)                
38997 Sompo Amer Fire & Mar Ins Co Amer 116,794,016 93,514,018  23,279,998  -  -  -  -  -  
11126 Sompo Amer Ins Co 906,394,612 319,070,693 587,323,919 -  -  -  -  -  
37141 Southern Gen Ins Co 30,685,678  22,310,040  8,375,637  21,756,592  21,513,440  12,883,158  2,716,081  (3,695,321)                   
19216 Southern Ins Co 40,671,660  11,878,118  28,793,542  -  -  -  -  -  
26468 Southern Mut Church Ins Co 81,088,132  54,073,008  27,015,124  36,611,963  39,733,693  17,285,629  3,746,940  928,796  
22861 Southern Pilot Ins Co 8,285,919  26,985  8,258,934  -  -  -  -  -  
12294 Southwest Marine & Gen Ins Co 261,737,765 175,585,538 86,152,226  55,968,004  57,274,764  29,548,306  7,077,799  3,838,338  
20613 Sparta Ins Co 44,076,862  18,977,031  25,099,831  (91,383)  (91,383)  2,391,250  293,047  (7,442,929)                   
24376 Spinnaker Ins Co 700,128,727 460,099,922 240,028,805 204,133,554 158,037,217 61,966,724  12,665,130  7,989,515  
24767 St Paul Fire & Marine Ins Co 28,349,310,950                  19,716,327,673 8,632,983,277                   9,837,922,748                  9,740,502,638                5,320,108,372                  861,277,595 885,408,174               
24775 St Paul Guardian Ins Co 110,848,837 85,040,772  25,808,065  39,532,685  39,121,711  21,447,026  3,473,250  3,462,291  
24791 St Paul Mercury Ins Co 435,979,351 310,107,973 125,871,378 158,130,938 156,487,043 85,788,105  13,892,992  13,849,407                  
19224 St Paul Protective Ins Co 731,571,669 488,423,605 243,148,064 229,390,751 227,007,102 124,392,752 20,144,839  20,182,529                  
12645 Standard Cas Co 76,250,354  40,555,823  35,694,531  56,507,357  57,782,278  26,675,679  2,363,048  6,460,699  
19070 Standard Fire Ins Co 5,834,473,846 3,995,174,781 1,839,299,065                   1,913,385,275                  1,893,494,136                1,038,036,071                  168,105,185 167,578,854               
42986 Standard Guar Ins Co 576,668,999 366,525,727 210,143,272 359,371,544 343,143,267 111,432,711 11,453,027  87,519,125                  
18023 Star Ins Co 2,755,834,746 2,051,402,601 704,432,145 654,551,133 745,290,411 408,567,944 97,079,594  6,487,404  
25496 StarStone Natl Ins Co 2,122,083,100 1,607,989,867 514,093,233 1,789,820,495                  1,788,301,827                1,327,085,569                  48,702,808  (20,580,300)                
40045 Starnet Ins Co 318,105,167 181,113,626 136,991,541 -  -  -  -  -  
38318 Starr Ind & Liab Co 11,429,847,279                  7,281,641,937 4,148,205,342                   2,843,873,354                  2,775,256,234                1,747,073,184                  398,820,960 148,882,312               
16109 Starr Specialty Ins Co 270,675,651 96,892,839  173,782,812 -  -  -  -  14,395,632                  
25127 State Auto Prop & Cas Ins Co 274,005,095 81,975,409  192,029,686 -  -  -  -  -  
25135 State Automobile Mut Ins Co 659,006,925 114,022,585 544,984,340 -  -  -  -  -  
17133 State Farm Classic Ins Co 49,343,128  31,637,227  17,705,901  32,855,020  13,470,691  5,452,666  220,603  (7,770,140)                   
25143 State Farm Fire & Cas Co 69,218,178,287                  42,357,550,338 26,860,627,948                30,221,292,978                28,611,812,455             18,770,864,814               2,382,973,572               940,515,773               
____________
June 1, 2026
__________
Page 21 of 26
State Corporation Commission - Bureau of Insurance - Financial Regulation 
2025 Financial Data for Foreign Property and Casualty Insurers
Cocode Company Name ADMITTED ASSETS LIABILITIES SURPLUS
NET PREMIUM 
WRITTEN PREMIUMS EARNED LOSSES INCURRED
LOSS ADJ EXPENSE 
INCURRED NET U/W GAIN
25151 State Farm Gen Ins Co 8,961,374,531 7,602,096,018 1,359,278,513                   3,770,774,286                  3,394,542,530                2,731,157,507                  341,113,792 (603,228,935)             
25178 State Farm Mut Auto Ins Co 270,465,866,257                100,468,505,033                  169,997,361,224              73,146,576,254                73,016,726,949             51,520,497,621               6,174,612,795               1,547,041,841           
12831 State Natl Ins Co Inc 2,202,142,395 1,402,654,466 799,487,930 99,479,681  95,971,193  45,369,689  5,540,582  13,593,976                  
33049 State Volunteer Mut Ins Co 1,660,162,755 726,360,137 933,802,618 136,067,340 133,849,135 63,091,130  52,937,615  (9,045,826)                   
25180 Stillwater Ins Co 648,336,730 433,583,091 214,753,640 338,206,435 345,762,116 212,249,481 38,335,486  (23,609,012)                
16578 Stillwater Prop & Cas Ins Co 162,144,571 26,984,674  135,159,897 4,179,907  4,179,907  (440,448)  1,986,247  2,021,109  
11828 Stonewood Ins Co 386,290,239 285,484,388 100,805,851 79,634,059  84,040,342  49,435,957  17,350,415  (7,114,623)                   
10340 Stonington Ins Co 19,352,637  1,636,432  17,716,206  -  -  -  -  -  
40436 Stratford Ins Co 56,121,045  4,334,621  51,786,423  (81,729,412) (81,654,163) (63,816,142) (17,838,022) -  
11024 Strathmore Ins Co 33,639,777  124,781  33,514,996  -  -  -  -  -  
15136 Summitpoint Ins Co 116,148,851 77,248,331  38,900,520  24,041,910  24,090,442  12,694,627  3,767,284  449,519  
10909 Sun Surety Ins Co 27,566,364  13,410,187  14,156,177  3,181,394  3,164,158  6,389  56,600  (407,652)  
10916 Suretec Ins Co 792,578,315 602,843,365 189,734,949 161,777,471 161,630,312 78,426,802  19,652,241  3,853,520  
25798 Sutton National Ins Co 298,128,830 203,318,457 94,810,373  58,853,191  42,271,898  16,775,508  3,768,311  9,121,252  
29874 Swiss Re Corp Solutions Amer Ins Co 3,722,982,223 2,491,257,989 1,231,724,234                   (1,051,190,270)                 (1,056,820,915)              (1,200,321,474)                (62,486,713) 9,917,636  
29700 Swiss Re Corp Solutions Elite Ins Co 386,682,517 246,066,872 140,615,645 (98)  (66)  (3,781)  (185,686)  (108,193)  
32778 Swiss Re Corp Solutions Premier Ins 84,982,301  11,133,554  73,848,747  146 153 (35,041)  (145,277)  560,050  
25364 Swiss Reins Amer Corp 17,842,259,937                  14,094,530,091 3,747,729,846                   1,051,279,944                  986,961,222 90,794,768  129,396,200 (64,081,071)                
20311 Syncora Guar Inc 336,327,627 (9,565,453)  345,893,080 429,160  1,909,478  (13,110,449) 2,252,416  8,011,634  
12593 Synergy Comp Ins Co 96,556,464  44,188,279  52,368,184  25,723,225  26,173,293  11,735,654  4,613,684  1,282,574  
12866 T H E Ins Co 63,020,005  1,777,098  61,242,907  -  -  -  -  -  
41050 TDC Natl Assur Co 502,923,980 358,176,387 144,747,593 44,921,590  61,986,974  29,247,673  4,113,744  29,567,930                  
25534 TIG Ins Co 1,646,923,657 1,200,368,545 446,555,112 (260,009)  (260,009)  311,122,634 (21,429,695) (358,330,923)             
32301 TNUS Ins Co 74,689,051  4,620,935  70,068,117  -  -  -  (16,143)  16,105  
22683 Teachers Ins Co 426,961,056 258,282,023 168,679,033 269,864,523 260,871,405 139,526,242 22,171,625  24,137,559                  
42376 Technology Ins Co Inc 8,099,193,190 6,327,824,649 1,771,368,541                   1,961,090,391                  1,943,080,928                1,045,717,102                  274,521,697 (41,251,769)                
24848 Tesla Gen Ins Inc 115,394,413 81,852,675  33,541,737  102,906,028 89,817,341  68,639,018  3,972,524  7,700,954  
24813 Tesla Ins Co 792,445,144 544,857,178 247,587,966 732,530,067 567,726,007 657,807,294 22,457,649  (188,646,538)             
29513 The Bar Plan Mut Ins Co 34,094,315  17,321,720  16,772,595  7,167,610  7,514,836  511,121  2,590,077  (470,497)  
28665 The Cincinnati Cas Co 754,686,144 166,845,638 587,840,506 -  -  -  -  -  
23280 The Cincinnati Ind Co 217,369,175 75,140,669  142,228,506 -  -  -  -  -  
10677 The Cincinnati Ins Co 25,846,423,261                  16,097,712,818 9,748,710,443                   9,025,026,963                  8,650,963,424                4,829,659,949                  956,221,530 303,573,152               
13703 The Gen Automobile Ins Co Inc 57,821,011  11,918,901  45,902,110  -  -  -  -  -  
10671 The Gray Cas & Surety Co 202,761,857 71,100,191  131,661,665 79,581,573  73,809,521  12,406,054  1,294,537  12,620,869                  
21857 The Pie Ins Co 444,852,961 360,783,979 84,068,982  73,768,715  61,411,165  28,525,920  19,354,209  (17,552,416)                
28240 The Serv Ins Co Inc 21,560,519  6,890,407  14,670,112  2,666,044  2,601,178  (136,751)  63,333  835,843  
41769 The Travelers Cas Co 295,723,224 226,567,653 69,155,571  114,643,625 113,451,801 62,196,376  10,072,421  10,039,509                  
44245 Toggle Ins Co 116,857,582 37,614,813  79,242,769  -  -  -  -  -  
10945 Tokio Marine Amer Ins Co 1,421,937,130 953,472,191 468,464,939 346,341,158 367,224,446 198,383,712 53,577,847  10,018,654                  
____________
June 1, 2026
__________
Page 22 of 26
State Corporation Commission - Bureau of Insurance - Financial Regulation 
2025 Financial Data for Foreign Property and Casualty Insurers
Cocode Company Name ADMITTED ASSETS LIABILITIES SURPLUS
NET PREMIUM 
WRITTEN PREMIUMS EARNED LOSSES INCURRED
LOSS ADJ EXPENSE 
INCURRED NET U/W GAIN
18031 Topa Ins Co 143,206,255 84,643,629  58,562,626  9,273,612  26,934,095  4,388,534  4,158,376  11,223,095                  
37621 Toyota Motor Ins Co 967,848,445 539,893,769 427,954,676 158,754,646 136,350,020 90,026,616  (308,980)  (4,910,136)                   
41238 Trans Pacific Ins Co 79,995,379  13,940,096  66,055,284  -  (106)  (282,040)  55,667  233,827  
10952 Transamerica Cas Ins Co 14,180,521  1,251,151  12,929,370  271,242  276,716  79,291  100,064  (367,948)  
28886 Transguard Ins Co Of Amer Inc 798,093,715 453,129,131 344,964,584 313,173,931 315,572,734 136,823,252 44,805,437  3,444,429  
20494 Transportation Ins Co 71,449,823  37,204  71,412,619  -  -  -  -  -  
36463 TravCo Personal Ins Co 177,934,262 110,790,400 67,143,862  55,345,199  54,769,835  30,025,837  4,862,549  4,846,655  
28188 Travco Ins Co 321,939,007 248,788,631 73,150,376  106,737,168 105,627,539 57,906,971  9,377,771  9,347,129  
19038 Travelers Cas & Surety Co 25,283,691,293                  15,875,211,827 9,408,479,466                   8,048,904,146                  7,965,229,852                4,366,614,545                  707,153,204 704,974,721               
31194 Travelers Cas & Surety Co Of Amer 6,408,372,409 4,037,482,608 2,370,889,801                   2,519,043,531                  2,423,623,077                696,951,965 86,937,308  625,889,663               
36170 Travelers Cas Co Of CT 478,425,977 364,573,368 113,852,609 185,801,738 183,870,160 100,801,023 16,324,266  16,270,936                  
19046 Travelers Cas Ins Co Of Amer 2,774,309,708 2,121,786,967 652,522,742 1,079,239,970                  1,068,020,381                585,503,817 94,819,662  94,518,573                  
40282 Travelers Commercial Cas Co 475,406,062 362,469,562 112,936,500 185,801,738 183,870,160 100,801,023 16,324,266  16,270,936                  
36137 Travelers Commercial Ins Co 503,553,260 384,747,423 118,805,838 185,801,738 183,870,160 100,801,023 16,324,266  16,270,936                  
41750 Travelers Constitution State Ins Co 292,457,206 223,399,699 69,057,507  114,643,625 113,451,801 62,196,376  10,072,421  10,039,509                  
27998 Travelers Home & Marine Ins Co 406,287,226 292,768,007 113,519,219 106,737,168 105,627,539 57,906,971  9,377,771  9,347,129  
25658 Travelers Ind Co 32,819,921,331                  23,269,943,307 9,549,978,024                   9,965,433,446                  9,861,859,747                5,404,594,807                  875,254,425 875,649,428               
25666 Travelers Ind Co Of Amer 874,063,692 664,279,239 209,784,453 304,401,591 301,237,092 165,142,102 26,744,009  26,659,648                  
25682 Travelers Ind Co Of CT 1,512,162,616 1,137,496,663 374,665,953 541,597,599 535,967,256 293,824,260 47,583,494  47,433,377                  
38130 Travelers Personal Ins Co 646,691,220 572,828,977 73,862,243  106,737,168 105,627,539 57,906,971  9,377,771  9,347,129  
36145 Travelers Personal Security Ins Co 292,622,946 220,556,465 72,066,481  106,737,168 105,627,539 57,906,971  9,377,771  9,347,129  
25674 Travelers Prop Cas Co Of Amer 1,191,223,408 692,360,133 498,863,274 142,323,925 140,844,418 77,209,295  12,503,695  12,470,542                  
36161 Travelers Prop Cas Ins Co 412,759,653 317,744,762 95,014,890  118,596,854 117,363,932 64,341,079  10,419,745  10,385,699                  
12188 Trexis Ins Corp 173,029,050 106,121,951 66,907,099  91,174,153  90,433,798  59,501,012  4,875,125  3,990,071  
11004 Trexis One Ins Corp 103,504,514 60,993,240  42,511,274  68,407,073  67,851,805  44,670,847  3,669,744  3,055,502  
31003 Tri State Ins Co Of MN 348,649,149 301,553,533 47,095,616  -  -  -  -  -  
22225 Trisura Ins Co 599,961,373 359,681,046 240,280,327 111,781,759 114,533,890 45,773,102  5,467,724  20,621,121                  
41211 Triton Ins Co 746,467,319 575,022,177 171,445,142 228,192,433 207,101,251 77,542,530  952,475  46,286,425                  
41106 Triumphe Cas Co 101,696,853 74,582,202  27,114,650  -  -  -  -  (100,622)  
21709 Truck Ins Exch 3,548,162,437 2,244,832,202 1,303,330,235                   1,628,497,627                  1,507,528,904                746,061,631 97,010,599  235,947,896               
27120 Trumbull Ins Co 329,769,950 173,649,666 156,120,284 76,201,850  73,573,006  37,064,840  7,196,219  7,139,815  
38652 Trusted Resource Underwriters Exch o 16,478,777  1,601,767  14,877,010  -  -  -  211 (421,679)  
40118 Trustgard Ins Co 43,396,851  2,713,112  40,683,739  -  -  -  -  -  
29459 Twin City Fire Ins Co Co 812,274,656 520,278,104 291,996,552 228,605,567 220,719,037 111,194,529 21,588,670  21,419,426                  
14485 UPMC Work Alliance Inc 6,975,402  1,801,879  5,173,523  -  -  8,000  -  71,151  
29599 US Specialty Ins Co 2,940,263,070 1,923,013,593 1,017,249,477                   762,556,423 761,259,503 396,930,152 60,580,374  58,194,183  
25968 USAA Cas Ins Co 20,590,875,192                  11,514,049,773 9,076,825,420                   12,372,417,427                12,022,682,284             7,714,855,644                  1,105,027,868               1,418,006,959           
18600 USAA Gen Ind Co 11,636,020,487                  7,407,432,532 4,228,587,955                   7,918,523,966                  7,694,455,107                4,937,468,113                  707,212,191 1,032,385,094           
25844 Union Ins Co 219,349,887 158,744,384 60,605,503  -  -  -  -  -  
____________
June 1, 2026
__________
Page 23 of 26
State Corporation Commission - Bureau of Insurance - Financial Regulation 
2025 Financial Data for Foreign Property and Casualty Insurers
Cocode Company Name ADMITTED ASSETS LIABILITIES SURPLUS
NET PREMIUM 
WRITTEN PREMIUMS EARNED LOSSES INCURRED
LOSS ADJ EXPENSE 
INCURRED NET U/W GAIN
21423 Union Ins Co Of Providence 11,966,926  66,070  11,900,856  -  -  -  -  -  
36226 United Cas & Surety Ins Co 82,050,918  34,969,291  47,081,627  23,312,154  23,182,445  5,383,824  1,275,518  (2,746,262)                   
11770 United Financial Cas Co 13,871,403,227                  10,880,060,812 2,991,342,415                   8,093,047,348                  8,182,705,356                4,959,768,095                  806,503,513 1,077,558,300           
13021 United Fire & Cas Co 2,411,227,307 1,551,447,812 859,779,495 817,377,372 784,026,288 381,808,261 83,076,036  27,796,324                  
15873 United Guar Residential Ins Co 1,785,729,976 1,512,641,551 273,088,425 167,864,042 172,698,118 (3,243,793)  1,340,600  178,368,052               
16667 United Guar Residential Ins Co of NC 13,185,672  878,100  12,307,572  -  -  -  -  (180,446)  
13072 United Ohio Ins Co 583,716,311 301,172,883 282,543,428 290,900,570 279,119,937 146,509,403 20,521,611  20,757,965                  
25941 United Serv Automobile Assn 48,149,006,963                  15,086,038,788 33,062,968,175                12,494,197,463                12,289,128,855             7,766,439,286                  1,110,668,005               1,553,918,804           
25887 United States Fidelity & Guar Co 4,472,595,781 3,421,687,163 1,050,908,618                   1,743,387,351                  1,725,263,401                945,813,858 153,170,220 152,683,571               
21113 United States Fire Ins Co 9,499,971,754 6,348,097,731 3,151,874,023                   3,579,312,753                  3,477,285,754                2,021,954,825                  235,665,384 167,479,779               
25895 United States Liab Ins Co 2,801,618,955 744,611,250 2,057,007,705                   433,120,099 419,377,595 109,488,867 53,197,082  89,289,006                  
10656 United States Surety Co 165,495,395 103,316,422 62,178,973  43,809,131  43,666,361  22,987,142  3,481,631  3,230,838  
29157 United WI Ins Co 213,593,914 77,958,592  135,635,322 -  -  -  -  (50,398)  
16063 Unitrin Auto & Home Ins Co 25,007,072  1,159,630  23,847,442  -  -  -  -  -  
10226 Unitrin Direct Ins Co 8,058,241  24,970  8,033,271  -  -  -  -  -  
10915 Unitrin Direct Prop & Cas Co 10,271,973  391,688  9,880,285  -  -  -  -  -  
40703 Unitrin Safeguard Ins Co 16,950,257  7,097,465  9,852,792  -  -  -  -  -  
32867 Universal Fire & Cas Ins Co 157,084,851 84,492,746  72,592,104  58,913,438  57,492,106  22,589,661  13,178,503  (4,875,108)                   
10759 Universal N Amer Ins Co 217,792,422 151,430,158 66,362,263  103,465,004 88,224,078  37,967,111  13,889,461  3,963,093  
10861 Universal Prop & Cas Ins 2,180,679,996 1,704,728,451 475,951,546 1,373,689,950                  1,371,111,951                846,557,595 108,784,472 37,450,329                  
13200 Universal Surety Of Amer 8,816,633  54,872  8,761,761  -  -  -  -  -  
41181 Universal Underwriters Ins Co 408,688,119 70,287,176  338,400,942 -  -  -  -  -  
40843 Universal Underwriters Of TX Ins 11,581,713  35,077  11,546,636  -  -  -  -  -  
11018 Upmc Hlth Benefits Inc 419,234,884 233,563,151 185,671,733 174,966,476 171,416,787 112,869,854 18,464,089  (480,617)  
35416 Us Underwriters Ins Co 227,615,963 53,956,601  173,659,361 29,622,774  29,276,094  7,150,245  4,546,632  7,129,175  
28497 Usplate Glass Ins Co 72,279,006  11,260,980  61,018,026  9,467,130  9,291,906  405,106  302,754  1,856,234  
15326 Utica First Ins Co 448,796,004 299,226,232 149,569,772 185,274,264 186,102,023 114,858,357 23,650,546  (14,426,362)                
25976 Utica Mut Ins Co 4,500,324,519 2,758,504,159 1,741,820,360                   1,559,806,863                  1,487,854,375                772,366,853 211,696,696 12,661,071                  
10687 Utica Natl Assur Co 111,901,781 65,760,617  46,141,164  37,138,259  35,425,104  18,389,687  5,040,395  471,775  
13998 Utica Natl Ins Co of OH 42,223,692  7,909,295  34,314,397  -  -  -  -  3,002,021  
20508 Valley Forge Ins Co 49,152,970  27,232  49,125,738  -  -  -  -  -  
21172 Vanliner Ins Co 390,605,691 185,547,285 205,058,406 -  -  -  -  (161,516)  
32077 Vantage Risk Assur Co 777,423,422 570,904,572 206,518,851 337,895,191 273,095,595 148,506,991 24,963,474  (3,024,392)                   
44768 Vantapro Specialty Ins Co 53,875,056  22,788,987  31,086,069  -  -  -  -  584,471  
16186 Vault Recip Exch 217,724,092 113,581,398 104,142,694 85,956,068  82,573,100  23,510,762  13,986,326  5,641,523  
33383 Verde Ins Co 22,443,794  131,600  22,312,194  -  -  -  -  (173,096)  
10815 Verlan Fire Ins Co MD 26,430,110  21,307  26,408,803  -  -  -  -  -  
42889 Victoria Fire & Cas Co 46,887,248  381,179  46,506,069  -  -  -  -  -  
10105 Victoria Select Ins Co 6,882,334  74,463  6,807,871  -  -  -  -  -  
____________
June 1, 2026
__________
Page 24 of 26
State Corporation Commission - Bureau of Insurance - Financial Regulation 
2025 Financial Data for Foreign Property and Casualty Insurers
Cocode Company Name ADMITTED ASSETS LIABILITIES SURPLUS
NET PREMIUM 
WRITTEN PREMIUMS EARNED LOSSES INCURRED
LOSS ADJ EXPENSE 
INCURRED NET U/W GAIN
20397 Vigilant Ins Co 526,416,237 119,941,008 406,475,229 - - - - - 
13137 Viking Ins Co Of WI 240,520,884 43,239,578 197,281,306 - - - - - 
40827 Virginia Surety Co Inc 1,993,402,894 1,649,558,423 343,844,471 830,924,269 787,213,591 640,173,521 1,120,366 (45,661,220)                
40517 WCF Natl Ins Co 235,420,880 60,293 235,360,587 - - - - - 
21865 WCF Select Ins Co 50,829,339 20,484,899 30,344,440 - - - - - 
26069 Wausau Business Ins Co 35,563,204 1,812,223 33,750,981 - - - - - 
26042 Wausau Underwriters Ins Co 115,455,916 34,222,096 81,233,820 - - - - - 
13126 Waypoint Mut 172,275,470 111,321,243 60,954,228 65,907,303 65,329,839 41,774,865 10,726,718 (4,854,371)                   
32280 Wellfleet Ins Co 524,530,932 453,853,831 70,677,100 4,310,402 4,169,766 1,888,325 604,279 (37,564) 
20931 Wellfleet NY Ins Co 285,837,293 222,780,464 63,056,829 49,754,650 48,924,543 37,419,043 5,580,932 (6,763,943)                   
25011 Wesco Ins Co 2,403,929,013 1,748,729,414 655,199,599 739,950,767 734,144,236 394,303,654 104,095,935 (14,993,363)                
44393 West Amer Ins Co 57,728,152 3,573,391 54,154,761 - - - - - 
15350 West Bend Ins Co 5,266,965,300 3,372,676,418 1,894,288,881                   2,243,696,404                  2,170,523,031                1,163,299,461                  214,699,930 120,759,111               
10911 West Virginia Natl Auto Ins Co 8,022,631 2,085,900 5,936,731 2,749,299 3,028,804 1,252,083 398,274 (191,914) 
11981 WestGUARD Ins Co 1,953,924,461 271,762,655 1,682,161,806                   27,879,462 33,120,930 29,496,112 4,336,621 (10,236,002)                
10030 Westchester Fire Ins Co 251,906,413 190,579,351 61,327,062 - - - - - 
27871 Western Agric Ins Co 15,743,713 4,671,386 11,072,327 - - - - - 
15377 Western Natl Mut Ins Co 2,707,475,582 1,561,070,969 1,146,404,611                   900,760,861 855,128,595 409,213,395 78,317,981 68,237,143                  
13188 Western Surety Co 2,209,923,080 724,112,270 1,485,810,810                   497,544,784 487,793,976 63,478,336 19,720,571 118,316,173               
16447 Westfield Champion Ins Co 10,524,414 1,584,347 8,940,067 - - - - - 
24112 Westfield Ins Co 4,075,831,568 2,546,548,286 1,529,283,282                   1,742,576,980                  1,684,574,263                794,825,842 139,048,652 146,699,009               
24120 Westfield Natl Ins Co 1,083,411,182 625,725,218 457,685,964 419,509,273 405,545,656 191,346,962 33,474,675 35,316,429                  
16450 Westfield Premier Ins Co 10,783,511 1,963,861 8,819,650 - - - - - 
17105 Westfield Select Ins Co 33,919,810 4,574,076 29,345,734 - - - - - 
16449 Westfield Superior Ins Co 13,026,148 3,974,020 9,052,128 - - - - - 
16448 Westfield Touchstone Ins Co 10,245,808 1,468,347 8,777,461 - - - - - 
16098 Westminster Amer Ins Co  168,770,764 91,770,967 76,999,797 68,486,724 63,460,690 18,595,929 6,069,083 13,194,200                  
39845 Westport Ins Corp 753,654,377 650,000,605 103,653,772 (1,430,040) (1,461,468) 26,406,939 (29,773,546) 2,613,077 
11932 White Pine Ins Co 20,713,964 12,540,789 8,173,175 (224,083) 268,489 3,551,377 (1,680,025) (2,481,367)                   
25780 Williamsburg Natl Ins Co 31,451,004 11,697,721 19,753,283 - - - - (436) 
19950 Wilson Mut Ins Co 94,033,736 62,508,034 31,525,702 18,384,990 18,422,102 9,707,659 2,880,864 343,746 
26166 Windsor Mount Joy Mut Ins Co 198,824,548 84,821,154 114,003,394 81,113,476 73,498,451 27,545,145 6,553,425 8,012,353 
31232 Work First Cas Co 117,726,478 50,864,587 66,861,891 19,774,426 20,111,116 2,271,113 4,332,708 5,878,334 
11523 Wright Natl Flood Ins Co 48,574,220 12,645,263 35,928,958 9,450 9,450 - 23,002,852 (3,428,036)                   
40193 X L Ins Co Of NY 44,183,525 1,871,958 42,311,567 - - - - - 
24554 XL Ins Amer Inc 592,282,927 377,513,401 214,769,526 - - - - - 
20583 XL Reins Amer Inc 2,971,535,036 1,991,930,142 979,604,894 645,678,544 589,416,411 327,562,459 56,236,974 (51,353,639)                
37885 XL Specialty Ins Co 3,876,489,724 2,990,436,510 886,053,214 932,777,076 902,185,917 557,701,098 95,061,630 29,127,758                  
26220 Yosemite Ins Co 364,182,701 215,176,282 149,006,419 (274,201) (274,201) 6,507,076 4,755,467 (18,263,535)                
17044 ZPIC Ins Co 7,672,470 102,672 7,569,798 - - - - (509,356) 
30325 Zale Ind Co 17,083,186 1,919,740 15,163,446 2,039,788 2,039,788 - 118,234 1,533,274 
13269 Zenith Ins Co 1,957,326,200 1,258,277,350 699,048,850 763,909,320 750,399,777 334,167,377 132,291,033 (9,174,261)                   
____________
June 1, 2026
__________
Page 25 of 26
State Corporation Commission - Bureau of Insurance - Financial Regulation 
2025 Financial Data for Foreign Property and Casualty Insurers
Cocode Company Name ADMITTED ASSETS LIABILITIES SURPLUS
NET PREMIUM 
WRITTEN PREMIUMS EARNED LOSSES INCURRED
LOSS ADJ EXPENSE 
INCURRED NET U/W GAIN
30120 Znat Ins Co 53,919,025 35,155,890 18,763,135 15,589,986 15,314,281 6,819,742 2,699,816 (187,229) 
16535 Zurich Amer Ins Co 30,297,795,359                  24,261,482,044 6,036,313,316                   6,154,146,899                  5,947,514,179                3,700,332,979                  754,862,084 158,519,377               
27855 Zurich Amer Ins Co Of IL 45,185,648 11,298,471 33,887,177 - - - - - 
Totals: 2,964,065,341,694$         1,641,669,411,242$        1,322,395,930,933$      818,975,673,631$       803,250,045,558$        466,277,068,969$      69,854,177,858$      58,360,746,496$     
Number of companies    982
Domestic Total $                  4,045,360,950 $     2,645,548,172 $       1,399,812,780 $      1,412,418,197 $       1,372,778,961 $       737,188,754 $       143,907,364 $     62,347,071 
Foreign Total $        2,964,065,341,694 $       1,641,669,411,242 $      1,322,395,930,933 $      818,975,673,631 $       803,250,045,558 $      466,277,068,969 $      69,854,177,858 $    58,360,746,496 
Grand Total $        2,968,110,702,644 $    1,644,314,959,414 $    1,323,795,743,713 $     820,388,091,828 $     804,622,824,519 $     467,014,257,723 $     69,998,085,222 $    58,423,093,567 
____________
June 1, 2026
__________
Page 26 of 26