"naic","company_name","ratio","upheld_complaints","question_of_fact_complaints","not_upheld_complaints","total_complaints","premiums_written_in_millions","rank","filing_year"
"19070","Standard Fire Insurance Company","0","0","2","4","6","98.2496865","1","2023"
"11105","A. Central Insurance Company","0","0","6","9","15","68.746801","2","2023"
"26093","Nationwide Affinity Insurance Company of America","0","0","1","9","10","58.881184","3","2023"
"23787","Nationwide Mutual Insurance Company","0","0","0","3","3","39.67091","4","2023"
"10677","Cincinnati Insurance Company","0","0","0","1","1","36.8835065","5","2023"
"29424","Hartford Casualty Insurance Company","0","0","0","5","5","34.428543","6","2023"
"11908","Mercury Casualty Company","0","0","2","4","6","25.423316","7","2023"
"23728","National General Insurance Company","0","0","1","6","7","23.679921","8","2023"
"19402","AIG Property Casualty Company","0","0","0","0","0","23.67853","9","2023"
"10791","Palisades Insurance Company","0","0","1","6","7","22.0856715","10","2023"
"11252","Encompass Home and Auto Insurance Company","0","0","1","5","6","21.629251","11","2023"
"38288","Hartford Insurance Company of Illinois","0","0","0","1","1","18.0256255","12","2023"
"37770","CSAA General Insurance Company","0","0","0","7","7","16.1064125","13","2023"
"18279","Bankers Standard Insurance Company","0","0","0","2","2","12.3956395","14","2023"
"23450","American Family Home Insurance Company","0","0","0","3","3","12.105008","15","2023"
"12831","State National Insurance Company, Inc.","0","0","1","2","3","11.465156","16","2023"
"20303","Great Northern Insurance Company","0","0","0","0","0","11.1285165","17","2023"
"33600","LM Insurance Corporation","0","0","0","5","5","10.2547215","18","2023"
"10022","Countryway Insurance Company","0","0","0","2","2","9.8580165","19","2023"
"11044","National General Insurance Online, Inc.","0","0","1","2","3","9.625366","20","2023"
"25976","Utica Mutual Insurance Company","0","0","2","3","5","9.5138615","21","2023"
"21261","RiverStone International Insurance, Inc.","0","0","0","0","0","8.106304","22","2023"
"36137","Travelers Commercial Insurance Company","0","0","1","1","2","7.85717","23","2023"
"29963","United Farm Family Insurance Company","0","0","0","2","2","7.7942675","24","2023"
"20230","Central Mutual Insurance Company","0","0","0","1","1","6.7352535","25","2023"
"29068","AMERICAN FAMILY CONNECT PROPERTY AND CASUALTY INSURANCE COMPANY","0","0","0","3","3","5.851461","26","2023"
"12777","Chubb Indemnity Insurance Company","0","0","0","0","0","5.6406405","27","2023"
"42447","National General Assurance Company","0","0","0","3","3","5.633459","28","2023"
"33588","First Liberty Insurance Corporation","0","0","0","3","3","5.5771705","29","2023"
"23582","Harleysville Insurance Company","0","0","0","0","0","5.250708","30","2023"
"29939","Main Street America Assurance Company","0","0","1","2","3","5.21465","31","2023"
"40649","Economy Premier Assurance Company","0","0","0","2","2","5.075719","32","2023"
"23469","American Modern Home Insurance Company","0","0","1","1","2","4.916416","33","2023"
"12475","Republic-Franklin Insurance Company","0","0","1","0","1","4.6888645","34","2023"
"15210","Sterling Insurance Company","0","0","0","0","0","4.615997","35","2023"
"25623","Phoenix Insurance Company","0","0","0","0","0","3.938529","36","2023"
"27138","Midvale Indemnity Company","0","0","1","3","4","3.8865005","37","2023"
"22748","Pacific Employers Insurance Company","0","0","0","0","0","3.743308","38","2023"
"14788","NGM Insurance Company","0","0","0","0","0","3.467807","39","2023"
"16063","Unitrin Auto and Home Insurance Company","0","0","0","2","2","3.3423365","40","2023"
"19062","Automobile Insurance Company of Hartford, Connecticut","0","0","0","0","0","3.335037","41","2023"
"12287","Amica Property and Casualty Insurance Company","0","0","0","0","0","3.291827","42","2023"
"10071","Encompass Insurance Company of America","0","0","1","2","3","3.280179","43","2023"
"28188","TravCo Insurance Company","0","0","0","0","0","3.1478575","44","2023"
"25682","Travelers Indemnity Company of Connecticut","0","0","2","0","2","2.7317085","45","2023"
"10723","Nationwide Assurance Company","0","0","0","0","0","2.7045595","46","2023"
"10226","Unitrin Direct Insurance Company","0","0","0","0","0","2.362752","47","2023"
"11000","Sentinel Insurance Company, Ltd.","0","0","0","0","0","2.317881","48","2023"
"25615","Charter Oak Fire Insurance Company","0","0","3","1","4","1.7864515","49","2023"
"20397","Vigilant Insurance Company","0","0","0","0","0","1.7375245","50","2023"
"10072","Encompass Property and Casualty Company","0","0","0","0","0","1.4657025","51","2023"
"40754","Blue Ridge Indemnity Company","0","0","0","0","0","1.226595","52","2023"
"14834","New York Central Mutual Fire Insurance Company","0.002362884","1","13","44","58","423.2116355","53","2023"
"11851","Progressive Advanced Insurance Company","0.007093636","4","14","50","68","563.8856915","54","2023"
"23760","Nationwide General Insurance Company","0.007639965","1","5","17","23","130.890653","55","2023"
"35882","GEICO General Insurance Company","0.009855477","28","96","298","422","2841.059887","56","2023"
"22063","Government Employees Insurance Company","0.010387845","8","29","80","117","770.1308585","57","2023"
"22055","GEICO Indemnity Company","0.010398539","11","41","160","212","1057.840932","58","2023"
"36587","Plymouth Rock Assurance Preferred Corporation","0.011693143","1","6","11","18","85.5202065","59","2023"
"10052","Chubb National Insurance Company","0.013215527","1","2","5","8","75.668566","60","2023"
"43478","Utica National Insurance Company of Texas","0.014047069","1","1","10","12","71.18923","61","2023"
"25143","State Farm Fire and Casualty Company","0.014170439","3","13","30","46","211.708339","62","2023"
"26298","Farmers Property and Casualty Insurance Company","0.019913883","2","3","14","19","100.4324475","63","2023"
"21253","Garrison Property and Casualty Insurance Company","0.020660111","2","6","22","30","96.8049","64","2023"
"12583","Adirondack Insurance Exchange","0.022067498","2","8","13","23","90.631028","65","2023"
"29742","Integon National Insurance Company","0.022384376","2","10","31","43","89.348036","66","2023"
"37915","Essentia Insurance Company","0.023410206","1","2","5","8","42.716411","67","2023"
"21687","Mid-Century Insurance Company","0.023530817","1","2","8","11","42.497462","68","2023"
"42919","Progressive Northwestern Insurance Company","0.023643999","1","0","2","3","42.29403","69","2023"
"19976","Amica Mutual Insurance Company","0.024136566","2","2","5","9","82.8618305","70","2023"
"27998","Travelers Home and Marine Insurance Company","0.024446382","2","2","5","9","81.811697","71","2023"
"24279","Progressive Max Insurance Company","0.024618443","6","21","63","90","243.719716","72","2023"
"25178","State Farm Mutual Automobile Insurance Company","0.025074722","57","104","269","430","2273.205637","73","2023"
"38130","Travelers Personal Insurance Company","0.027147854","12","16","34","62","442.023894","74","2023"
"32786","Progressive Specialty Insurance Company","0.027753045","8","35","47","90","288.2566615","75","2023"
"13026","Main Street America Protection Insurance Company","0.028736649","2","1","5","8","69.597538","76","2023"
"16233","Erie Insurance Company of New York","0.033584623","3","2","8","13","89.326595","77","2023"
"17230","Allstate Property and Casualty Insurance Company","0.036195629","5","4","8","17","138.138228","78","2023"
"10212","Allmerica Financial Alliance Insurance Company","0.036539327","3","0","4","7","82.1033185","79","2023"
"41513","Foremost Signature Insurance Company","0.036679236","1","0","7","8","27.2633815","80","2023"
"23035","Liberty Mutual Fire Insurance Company","0.036793173","4","5","17","26","108.71582","81","2023"
"19704","American States Insurance Company","0.037221653","8","17","41","66","214.928661","82","2023"
"29688","Allstate Fire and Casualty Insurance Company","0.038113899","56","61","167","284","1469.280289","83","2023"
"30104","Hartford Underwriters Insurance Company","0.039970026","4","7","18","29","100.0749905","84","2023"
"10839","Country-Wide Insurance Company","0.040670812","3","9","27","39","73.7629725","85","2023"
"36447","LM General Insurance Company","0.045395509","31","57","198","286","682.886941","86","2023"
"24260","Progressive Casualty Insurance Company","0.045810233","27","60","113","200","589.3879595","87","2023"
"16322","Progressive Direct Insurance Company","0.046150254","1","8","19","28","21.668353","88","2023"
"25674","Travelers Property Casualty Company of America","0.046996463","1","1","0","2","21.278197","89","2023"
"26263","Erie Insurance Company","0.048584312","4","7","4","15","82.3311025","90","2023"
"25453","Nationwide Insurance Company of America","0.048646862","1","0","1","2","20.5563105","91","2023"
"15024","Preferred Mutual Insurance Company","0.048903872","3","1","11","15","61.344836","92","2023"
"19240","Allstate Indemnity Company","0.049174709","2","2","9","13","40.671313","93","2023"
"12873","Privilege Underwriters Reciprocal Exchange","0.05089242","2","0","0","2","39.298583","94","2023"
"12901","Merchants Preferred Insurance Company","0.051266483","1","1","3","5","19.5059215","95","2023"
"19232","Allstate Insurance Company","0.051637959","24","22","44","90","464.7743755","96","2023"
"25941","United Services Automobile Association","0.055620113","7","10","18","35","125.8537545","97","2023"
"36145","Travelers Personal Security Insurance Company","0.062212414","3","3","3","9","48.221887","98","2023"
"13803","Farm Family Casualty Insurance Company","0.0633945","1","2","1","4","15.774239","99","2023"
"25968","USAA Casualty Insurance Company","0.067928459","10","6","23","39","147.2137025","100","2023"
"18600","USAA General Indemnity Company","0.081370848","9","7","24","40","110.604722","101","2023"
"16578","Stillwater Property and Casualty Insurance Company","0.084207509","1","1","5","7","11.8754255","102","2023"
"40169","Farmers Casualty Insurance Company","0.085203412","3","1","2","6","35.2098575","103","2023"
"12504","AMERICAN FAMILY CONNECT INSURANCE COMPANY","0.087357306","1","1","2","4","11.4472395","104","2023"
"25275","Plymouth Rock Assurance Corporation of New York","0.091741592","1","0","9","10","10.9001815","105","2023"
"34339","Farmers Group Property and Casualty Insurance Company","0.095386611","10","4","12","26","104.836516","106","2023"
"40231","Old Dominion Insurance Company","0.111328598","1","0","0","1","8.982418","107","2023"
"32603","Berkley Insurance Company","0.114168278","1","0","1","2","8.7590005","108","2023"
"10914","Kemper Independence Insurance Company","0.121739773","3","0","9","12","24.642727","109","2023"
"12130","New South Insurance Company","0.124245547","7","3","13","23","56.3400475","110","2023"
"34789","21st Century Centennial Insurance Company","0.152279699","1","3","2","6","6.5668635","111","2023"
"30210","Esurance Property and Casualty Insurance Company","0.157175786","7","7","32","46","44.536122","112","2023"
"11185","Foremost Insurance Company Grand Rapids, Michigan","0.166244337","2","2","3","7","12.030485","113","2023"
"37478","Hartford Insurance Company of the Midwest","0.169131233","1","1","2","4","5.9125685","114","2023"
"40703","Unitrin Safeguard Insurance Company","0.179926101","6","1","10","17","33.347024","115","2023"
"25712","Esurance Insurance Company","0.188035127","14","8","43","65","74.4541735","116","2023"
"11215","SAFECO Insurance Company of Indiana","0.253139873","3","1","1","5","11.8511555","117","2023"
"25909","Unitrin Preferred Insurance Company","0.271589129","1","0","2","3","3.6820325","118","2023"
"37648","Permanent General Assurance Corporation","0.29402562","3","2","11","16","10.2031925","119","2023"
"15130","Encompass Indemnity Company","0.385737882","1","0","0","1","2.592434","120","2023"
"18058","Philadelphia Indemnity Insurance Company","0.394798841","2","0","0","2","5.065871","121","2023"
"20052","National Liability & Fire Insurance Company","1.07738768","1","0","1","2","0.928171","122","2023"
"10111","American Bankers Insurance Company of Florida","2.12530817","1","3","1","5","0.47052","123","2023"
"36161","Travelers Property Casualty Insurance Company","2.329755993","1","1","0","2","0.4292295","124","2023"
"35882","GEICO General Insurance Company","0","0","2","10","12","2716.297785","1","2022"
"15024","Preferred Mutual Insurance Company","0","0","1","10","11","55.354694","2","2022"
"23787","Nationwide Mutual Insurance Company","0","0","2","3","5","41.9498175","3","2022"
"42919","Progressive Northwestern Insurance Company","0","0","3","3","6","39.621536","4","2022"
"40169","Farmers Casualty Insurance Company","0","0","0","6","6","37.1002225","5","2022"
"10677","Cincinnati Insurance Company","0","0","2","3","5","33.185554","6","2022"
"29424","Hartford Casualty Insurance Company","0","0","3","2","5","29.9145625","7","2022"
"19402","AIG Property Casualty Company","0","0","0","5","5","24.885225","8","2022"
"25453","Nationwide Insurance Company of America","0","0","1","6","7","22.2128365","9","2022"
"19240","Allstate Indemnity Company","0","0","3","7","10","21.829482","10","2022"
"23728","National General Insurance Company","0","0","1","4","5","20.3869735","11","2022"
"16322","Progressive Direct Insurance Company","0","0","7","7","14","19.5837365","12","2022"
"11252","Encompass Home and Auto Insurance Company","0","0","1","6","7","19.341147","13","2022"
"38288","Hartford Insurance Company of Illinois","0","0","0","2","2","18.965871","14","2022"
"12901","Merchants Preferred Insurance Company","0","0","2","3","5","18.8868815","15","2022"
"41513","Foremost Signature Insurance Company","0","0","0","5","5","13.9410095","16","2022"
"18279","Bankers Standard Insurance Company","0","0","1","1","2","12.7983825","17","2022"
"33600","LM Insurance Corporation","0","0","2","4","6","12.721003","18","2022"
"11185","Foremost Insurance Company Grand Rapids, Michigan","0","0","3","2","5","12.5442835","19","2022"
"37770","CSAA General Insurance Company","0","0","3","5","8","12.194311","20","2022"
"11044","National General Insurance Online, Inc.","0","0","1","2","3","11.826638","21","2022"
"20303","Great Northern Insurance Company","0","0","0","0","0","11.3484135","22","2022"
"12504","AMERICAN FAMILY CONNECT INSURANCE COMPANY","0","0","2","4","6","10.907112","23","2022"
"25976","Utica Mutual Insurance Company","0","0","0","2","2","9.290378","24","2022"
"12831","State National Insurance Company, Inc.","0","0","0","1","1","8.226157","25","2022"
"36137","Travelers Commercial Insurance Company","0","0","0","1","1","8.196442","26","2022"
"21261","Electric Insurance Company","0","0","0","1","1","7.9798815","27","2022"
"10022","Countryway Insurance Company","0","0","0","0","0","7.4066985","28","2022"
"37478","Hartford Insurance Company of the Midwest","0","0","0","0","0","6.627489","29","2022"
"23582","Harleysville Insurance Company","0","0","0","0","0","6.4340665","30","2022"
"29068","AMERICAN FAMILY CONNECT PROPERTY AND CASUALTY INSURANCE COMPANY","0","0","0","0","0","6.2192805","31","2022"
"33588","First Liberty Insurance Corporation","0","0","0","1","1","6.132782","32","2022"
"12777","Chubb Indemnity Insurance Company","0","0","0","0","0","5.8905505","33","2022"
"40649","Economy Premier Assurance Company","0","0","0","0","0","5.588637","34","2022"
"42447","National General Assurance Company","0","0","2","3","5","5.4215635","35","2022"
"32603","Berkley Insurance Company","0","0","0","0","0","5.2754355","36","2022"
"25909","Unitrin Preferred Insurance Company","0","0","0","0","0","4.4880825","37","2022"
"12475","Republic-Franklin Insurance Company","0","0","0","0","0","4.3970045","38","2022"
"25623","Phoenix Insurance Company","0","0","0","2","2","4.385227","39","2022"
"15210","Sterling Insurance Company","0","0","0","0","0","4.2215435","40","2022"
"22748","Pacific Employers Insurance Company","0","0","0","0","0","3.9890215","41","2022"
"14788","NGM Insurance Company","0","0","0","1","1","3.822194","42","2022"
"19062","Automobile Insurance Company of Hartford, Connecticut","0","0","0","2","2","3.7749925","43","2022"
"10071","Encompass Insurance Company of America","0","0","0","1","1","3.6966165","44","2022"
"10226","Unitrin Direct Insurance Company","0","0","0","0","0","3.491734","45","2022"
"28188","TravCo Insurance Company","0","0","1","0","1","3.4584905","46","2022"
"10723","Nationwide Assurance Company","0","0","0","0","0","3.083151","47","2022"
"15130","Encompass Indemnity Company","0","0","0","0","0","2.808059","48","2022"
"40754","Blue Ridge Indemnity Company","0","0","0","0","0","2.777825","49","2022"
"12287","Amica Property and Casualty Insurance Company","0","0","0","0","0","2.7040435","50","2022"
"11000","Sentinel Insurance Company, Ltd.","0","0","1","0","1","2.6302925","51","2022"
"29963","United Farm Family Insurance Company","0","0","0","1","1","2.6048905","52","2022"
"25615","Charter Oak Fire Insurance Company","0","0","0","0","0","1.956261","53","2022"
"20397","Vigilant Insurance Company","0","0","0","0","0","1.79035","54","2022"
"10072","Encompass Property and Casualty Company","0","0","0","0","0","1.605327","55","2022"
"10806","Farmers New Century Insurance Company","0","0","0","0","0","1.335416","56","2022"
"34690","Property and Casualty Insurance Company of Hartford","0","0","0","1","1","1.0641705","57","2022"
"19682","Hartford Fire Insurance Company","0","0","0","0","0","1.02061","58","2022"
"22357","Hartford Accident and Indemnity Company","0","0","0","0","0","1.0193225","59","2022"
"24279","Progressive Max Insurance Company","0.008201101","2","27","56","85","243.869698","60","2022"
"22055","GEICO Indemnity Company","0.011097726","12","40","163","215","1081.302608","61","2022"
"14834","New York Central Mutual Fire Insurance Company","0.011267798","4","21","37","62","354.993924","62","2022"
"26298","Farmers Property and Casualty Insurance Company","0.011921861","1","4","12","17","83.8795225","63","2022"
"19976","Amica Mutual Insurance Company","0.012500249","1","2","5","8","79.9984055","64","2022"
"36587","Plymouth Rock Assurance Preferred Corporation","0.014190796","1","6","8","15","70.4682105","65","2022"
"25968","USAA Casualty Insurance Company","0.01440381","2","10","24","36","138.85215","66","2022"
"19070","Standard Fire Insurance Company","0.014502438","1","1","6","8","68.9539255","67","2022"
"43478","Utica National Insurance Company of Texas","0.014993681","1","3","5","9","66.694762","68","2022"
"13026","Main Street America Protection Insurance Company","0.016167106","1","4","4","9","61.8539885","69","2022"
"32786","Progressive Specialty Insurance Company","0.01840949","5","25","44","74","271.5990535","70","2022"
"22063","Government Employees Insurance Company","0.018752822","14","45","82","141","746.5542945","71","2022"
"25178","State Farm Mutual Automobile Insurance Company","0.019932091","38","105","302","445","1906.473324","72","2022"
"17230","Allstate Property and Casualty Insurance Company","0.020989511","3","6","19","28","142.9285295","73","2022"
"12583","Adirondack Insurance Exchange","0.021599882","2","7","9","18","92.5930975","74","2022"
"23760","Nationwide General Insurance Company","0.022390993","3","15","24","42","133.9824435","75","2022"
"29688","Allstate Fire and Casualty Insurance Company","0.023486551","31","62","159","252","1319.904324","76","2022"
"19704","American States Insurance Company","0.024842256","5","13","40","58","201.269968","77","2022"
"37915","Essentia Insurance Company","0.026857524","1","0","2","3","37.2335135","78","2022"
"10052","Chubb National Insurance Company","0.028739905","2","1","2","5","69.5896515","79","2022"
"10212","Allmerica Financial Alliance Insurance Company","0.02896589","2","3","4","9","69.0467315","80","2022"
"38130","Travelers Personal Insurance Company","0.0304877","12","16","35","63","393.6013525","81","2022"
"16233","Erie Insurance Company of New York","0.030574532","2","2","9","13","65.4139195","82","2022"
"23035","Liberty Mutual Fire Insurance Company","0.033450115","4","7","19","30","119.581052","83","2022"
"29742","Integon National Insurance Company","0.03486667","2","9","15","26","57.361372","84","2022"
"11851","Progressive Advanced Insurance Company","0.035684661","18","64","98","180","504.418412","85","2022"
"24260","Progressive Casualty Insurance Company","0.038249383","21","45","85","151","549.0284705","86","2022"
"36447","LM General Insurance Company","0.039443949","29","63","170","262","735.2205075","87","2022"
"12130","New South Insurance Company","0.040754441","2","2","12","16","49.074406","88","2022"
"11908","Mercury Casualty Company","0.040784092","1","2","6","9","24.519364","89","2022"
"34339","Farmers Group Property and Casualty Insurance Company","0.041703982","4","5","16","25","95.9141015","90","2022"
"26093","Nationwide Affinity Insurance Company of America","0.045435375","3","3","13","19","66.027847","91","2022"
"11105","A. Central Insurance Company","0.049929854","3","6","14","23","60.0842935","92","2022"
"21687","Mid-Century Insurance Company","0.054622369","3","3","13","19","54.9225535","93","2022"
"26263","Erie Insurance Company","0.055399558","4","7","11","22","72.2027425","94","2022"
"25941","United Services Automobile Association","0.057542688","7","7","22","36","121.6488185","95","2022"
"13803","Farm Family Casualty Insurance Company","0.060653431","1","0","3","4","16.4871135","96","2022"
"10791","Palisades Insurance Company","0.062470224","2","4","13","19","32.0152525","97","2022"
"21253","Garrison Property and Casualty Insurance Company","0.065736675","6","5","18","29","91.2732505","98","2022"
"18600","USAA General Indemnity Company","0.065938097","7","6","21","34","106.1601765","99","2022"
"19232","Allstate Insurance Company","0.066996463","32","26","69","127","477.6371585","100","2022"
"27998","Travelers Home and Marine Insurance Company","0.069948617","6","5","5","16","85.7772505","101","2022"
"10839","Country-Wide Insurance Company","0.072307144","5","8","50","63","69.149461","102","2022"
"16578","Stillwater Property and Casualty Insurance Company","0.082119275","1","1","6","8","12.177409","103","2022"
"12873","Privilege Underwriters Reciprocal Exchange","0.083768326","3","0","0","3","35.813059","104","2022"
"25143","State Farm Fire and Casualty Company","0.085423345","12","14","28","54","140.476822","105","2022"
"23450","American Family Home Insurance Company","0.086248564","1","0","0","1","11.594396","106","2022"
"36145","Travelers Personal Security Insurance Company","0.087190733","4","2","1","7","45.876435","107","2022"
"30104","Hartford Underwriters Insurance Company","0.090919389","8","1","14","23","87.9900325","108","2022"
"25712","Esurance Insurance Company","0.093723967","7","6","52","65","74.6874065","109","2022"
"40703","Unitrin Safeguard Insurance Company","0.099847979","4","11","15","30","40.060901","110","2022"
"11215","SAFECO Insurance Company of Indiana","0.151835553","2","2","0","4","13.1721455","111","2022"
"20230","Central Mutual Insurance Company","0.15338182","1","0","0","1","6.5196775","112","2022"
"25674","Travelers Property Casualty Company of America","0.173788063","4","2","3","9","23.0165405","113","2022"
"29939","Main Street America Assurance Company","0.178429179","1","1","5","7","5.6044645","114","2022"
"23469","American Modern Home Insurance Company","0.189304862","1","0","1","2","5.2824845","115","2022"
"30210","Esurance Property and Casualty Insurance Company","0.20268295","9","4","29","42","44.404327","116","2022"
"18058","Philadelphia Indemnity Insurance Company","0.207733546","1","0","0","1","4.813859","117","2022"
"10914","Kemper Independence Insurance Company","0.210437592","6","2","13","21","28.512016","118","2022"
"16063","Unitrin Auto and Home Insurance Company","0.24489594","1","0","1","2","4.083367","119","2022"
"34789","21st Century Centennial Insurance Company","0.276143373","2","1","4","7","7.2426145","120","2022"
"37648","Permanent General Assurance Corporation","0.290138329","3","0","7","10","10.3398955","121","2022"
"40231","Old Dominion Insurance Company","0.293605694","3","2","1","6","10.2177855","122","2022"
"25682","Travelers Indemnity Company of Connecticut","0.693314799","2","0","0","2","2.8846925","123","2022"
"27138","Midvale Indemnity Company","0.701484991","2","1","2","5","2.8510945","124","2022"
"25275","Plymouth Rock Assurance Corporation of New York","0.70174029","8","2","10","20","11.400229","125","2022"
"20052","National Liability & Fire Insurance Company","0.827337549","1","0","0","1","1.2086965","126","2022"
"25658","Travelers Indemnity Company","1.152167977","1","0","0","1","0.867929","127","2022"
"20281","Federal Insurance Company","1.292425482","1","0","0","1","0.773739","128","2022"
"22268","Infinity Insurance Company","1.654595017","1","0","0","1","0.6043775","129","2022"
"36161","Travelers Property Casualty Insurance Company","2.139286826","1","0","1","2","0.4674455","130","2022"
"10111","American Bankers Insurance Company of Florida","2.710846231","1","0","1","2","0.3688885","131","2022"
"22322","Greenwich Insurance Company","48780.4878","5","0","1","6","0.0001025","132","2022"
"35882","GEICO General Insurance Company","0","0","2","4","6","2620.527435","1","2021"
"14834","New York Central Mutual Fire Insurance Company","0","0","18","31","49","334.9796545","2","2021"
"27998","Travelers Home and Marine Insurance Company","0","0","1","9","10","91.9907725","3","2021"
"10052","Chubb National Insurance Company","0","0","1","1","2","67.353561","4","2021"
"26298","Farmers Property and Casualty Insurance Company","0","0","0","6","6","66.884522","5","2021"
"36587","Plymouth Rock Assurance Preferred Corporation","0","0","2","7","9","65.2364125","6","2021"
"43478","Utica National Insurance Company of Texas","0","0","5","9","14","64.9775615","7","2021"
"10212","Allmerica Financial Alliance Insurance Company","0","0","3","2","5","63.490672","8","2021"
"15024","Preferred Mutual Insurance Company","0","0","1","7","8","57.974294","9","2021"
"16233","Erie Insurance Company of New York","0","0","1","5","6","56.5382735","10","2021"
"13026","Main Street America Protection Insurance Company","0","0","3","0","3","53.80324","11","2021"
"23787","Nationwide Mutual Insurance Company","0","0","1","2","3","46.6912255","12","2021"
"12130","New South Insurance Company","0","0","2","8","10","43.513793","13","2021"
"40169","Farmers Casualty Insurance Company","0","0","0","3","3","41.278428","14","2021"
"19070","Standard Fire Insurance Company","0","0","0","3","3","38.8556895","15","2021"
"42919","Progressive Northwestern Insurance Company","0","0","3","1","4","37.395765","16","2021"
"12873","Privilege Underwriters Reciprocal Exchange","0","0","1","1","2","31.2751685","17","2021"
"10677","Cincinnati Insurance Company","0","0","0","1","1","29.0891675","18","2021"
"25453","Nationwide Insurance Company of America","0","0","1","2","3","25.5334815","19","2021"
"19402","AIG Property Casualty Company","0","0","0","1","1","25.484854","20","2021"
"25674","Travelers Property Casualty Company of America","0","0","2","0","2","25.111872","21","2021"
"11908","Mercury Casualty Company","0","0","2","5","7","22.7845265","22","2021"
"38288","Hartford Insurance Company of Illinois","0","0","0","3","3","20.7973685","23","2021"
"11252","Encompass Home and Auto Insurance Company","0","0","3","5","8","19.035665","24","2021"
"12901","Merchants Preferred Insurance Company","0","0","3","3","6","18.388918","25","2021"
"13803","Farm Family Casualty Insurance Company","0","0","0","5","5","17.572805","26","2021"
"11044","National General Insurance Online, Inc.","0","0","1","4","5","16.4483605","27","2021"
"11215","SAFECO Insurance Company of Indiana","0","0","1","1","2","14.741821","28","2021"
"34789","21st Century Centennial Insurance Company","0","0","2","7","9","12.9506595","29","2021"
"11185","Foremost Insurance Company Grand Rapids, Michigan","0","0","0","1","1","12.8634725","30","2021"
"40231","Old Dominion Insurance Company","0","0","1","3","4","12.4055955","31","2021"
"20303","Great Northern Insurance Company","0","0","0","0","0","12.25098","32","2021"
"12504","AMERICAN FAMILY CONNECT INSURANCE COMPANY","0","0","0","2","2","11.793778","33","2021"
"25976","Utica Mutual Insurance Company","0","0","0","1","1","9.6182535","34","2021"
"36137","Travelers Commercial Insurance Company","0","0","1","0","1","8.7541905","35","2021"
"23582","Harleysville Insurance Company","0","0","0","0","0","8.20986","36","2021"
"21261","Electric Insurance Company","0","0","0","0","0","8.000019","37","2021"
"37478","Hartford Insurance Company of the Midwest","0","0","0","1","1","7.674281","38","2021"
"33588","First Liberty Insurance Corporation","0","0","0","1","1","7.1381305","39","2021"
"29068","AMERICAN FAMILY CONNECT PROPERTY AND CASUALTY INSURANCE COMPANY","0","0","1","5","6","6.69423","40","2021"
"20230","Central Mutual Insurance Company","0","0","0","0","0","6.626737","41","2021"
"19240","Allstate Indemnity Company","0","0","0","1","1","6.570263","42","2021"
"23450","American Family Home Insurance Company","0","0","0","0","0","6.508139","43","2021"
"12777","Chubb Indemnity Insurance Company","0","0","0","0","0","6.3748395","44","2021"
"16578","Stillwater Property and Casualty Insurance Company","0","0","0","1","1","6.3608065","45","2021"
"40649","Economy Premier Assurance Company","0","0","0","0","0","6.2473535","46","2021"
"29939","Main Street America Assurance Company","0","0","2","2","4","6.2229855","47","2021"
"23469","American Modern Home Insurance Company","0","0","0","1","1","5.7485495","48","2021"
"42447","National General Assurance Company","0","0","0","0","0","5.2302265","49","2021"
"25909","Unitrin Preferred Insurance Company","0","0","0","2","2","5.180874","50","2021"
"12831","State National Insurance Company, Inc.","0","0","1","0","1","4.9751015","51","2021"
"25623","Phoenix Insurance Company","0","0","0","0","0","4.9182135","52","2021"
"18058","Philadelphia Indemnity Insurance Company","0","0","1","0","1","4.670711","53","2021"
"12475","Republic-Franklin Insurance Company","0","0","1","0","1","4.6128375","54","2021"
"22748","Pacific Employers Insurance Company","0","0","0","1","1","4.482087","55","2021"
"19062","Automobile Insurance Company of Hartford, Connecticut","0","0","0","3","3","4.239431","56","2021"
"10071","Encompass Insurance Company of America","0","0","0","1","1","4.152507","57","2021"
"15210","Sterling Insurance Company","0","0","1","0","1","4.069493","58","2021"
"40754","Blue Ridge Indemnity Company","0","0","0","0","0","3.9124695","59","2021"
"28188","TravCo Insurance Company","0","0","0","0","0","3.8039355","60","2021"
"10723","Nationwide Assurance Company","0","0","0","0","0","3.37831","61","2021"
"11000","Sentinel Insurance Company, Ltd.","0","0","0","0","0","3.1406445","62","2021"
"15130","Encompass Indemnity Company","0","0","0","0","0","3.0967995","63","2021"
"32603","Berkley Insurance Company","0","0","0","0","0","2.844958","64","2021"
"12287","Amica Property and Casualty Insurance Company","0","0","0","1","1","2.6210555","65","2021"
"41513","Foremost Signature Insurance Company","0","0","0","0","0","2.5269285","66","2021"
"32220","21st Century North America Insurance Company","0","0","0","0","0","2.358492","67","2021"
"25615","Charter Oak Fire Insurance Company","0","0","0","1","1","2.154569","68","2021"
"20397","Vigilant Insurance Company","0","0","0","1","1","1.9501855","69","2021"
"29963","United Farm Family Insurance Company","0","0","0","0","0","1.9088525","70","2021"
"10072","Encompass Property and Casualty Company","0","0","0","0","0","1.765361","71","2021"
"20052","National Liability & Fire Insurance Company","0","0","2","1","3","1.5818235","72","2021"
"22357","Hartford Accident and Indemnity Company","0","0","1","0","1","1.1604585","73","2021"
"34690","Property and Casualty Insurance Company of Hartford","0","0","0","1","1","1.104393","74","2021"
"25658","Travelers Indemnity Company","0","0","0","1","1","1.0093535","75","2021"
"38130","Travelers Personal Insurance Company","0.005551952","2","6","21","29","360.2336625","76","2021"
"22063","Government Employees Insurance Company","0.008180473","6","19","52","77","733.4539645","77","2021"
"23760","Nationwide General Insurance Company","0.008744787","1","7","22","30","114.353837","78","2021"
"22055","GEICO Indemnity Company","0.010011705","11","50","143","204","1098.713949","79","2021"
"12583","Adirondack Insurance Exchange","0.010129416","1","5","14","20","98.722373","80","2021"
"26093","Nationwide Affinity Insurance Company of America","0.012188336","1","1","11","13","82.045656","81","2021"
"23035","Liberty Mutual Fire Insurance Company","0.014822787","2","7","15","24","134.927395","82","2021"
"21687","Mid-Century Insurance Company","0.01500671","1","4","16","21","66.6368595","83","2021"
"11105","A. Central Insurance Company","0.016423692","1","2","10","13","60.887649","84","2021"
"32786","Progressive Specialty Insurance Company","0.018468741","5","19","34","58","270.727709","85","2021"
"36145","Travelers Personal Security Insurance Company","0.021738208","1","1","6","8","46.0019525","86","2021"
"25143","State Farm Fire and Casualty Company","0.024656675","3","15","26","44","121.6709055","87","2021"
"19704","American States Insurance Company","0.024846384","4","9","23","36","160.9892225","88","2021"
"30104","Hartford Underwriters Insurance Company","0.025417767","2","2","12","16","78.685117","89","2021"
"19976","Amica Mutual Insurance Company","0.028120481","2","1","5","8","71.1225375","90","2021"
"25178","State Farm Mutual Automobile Insurance Company","0.028547304","48","109","200","357","1681.419731","91","2021"
"29688","Allstate Fire and Casualty Insurance Company","0.03002359","36","44","118","198","1199.057158","92","2021"
"24279","Progressive Max Insurance Company","0.035448822","9","21","42","72","253.8871415","93","2021"
"29424","Hartford Casualty Insurance Company","0.036595988","1","2","2","5","27.3254","94","2021"
"24260","Progressive Casualty Insurance Company","0.039985792","23","39","82","144","575.2043175","95","2021"
"34339","Farmers Group Property and Casualty Insurance Company","0.041215993","4","4","6","14","97.0497055","96","2021"
"21253","Garrison Property and Casualty Insurance Company","0.045125141","4","2","16","22","88.6423825","97","2021"
"40703","Unitrin Safeguard Insurance Company","0.048161649","2","3","15","20","41.5268175","98","2021"
"30210","Esurance Property and Casualty Insurance Company","0.048805885","2","3","11","16","40.978665","99","2021"
"25941","United Services Automobile Association","0.049753102","6","9","14","29","120.595495","100","2021"
"25968","USAA Casualty Insurance Company","0.052460192","7","9","21","37","133.4345105","101","2021"
"33600","LM Insurance Corporation","0.052981742","1","3","4","8","18.8744265","102","2021"
"17230","Allstate Property and Casualty Insurance Company","0.05330652","8","8","26","42","150.07545","103","2021"
"25712","Esurance Insurance Company","0.053728812","3","3","5","11","55.835964","104","2021"
"36447","LM General Insurance Company","0.05543485","38","35","96","169","685.4893685","105","2021"
"26263","Erie Insurance Company","0.055747612","4","4","12","20","71.7519525","106","2021"
"37915","Essentia Insurance Company","0.061716811","2","2","1","5","32.4060815","107","2021"
"10791","Palisades Insurance Company","0.069023404","3","4","10","17","43.4635185","108","2021"
"19232","Allstate Insurance Company","0.070543494","35","19","66","120","496.1478105","109","2021"
"18279","Bankers Standard Insurance Company","0.072717351","1","0","2","3","13.751876","110","2021"
"37770","CSAA General Insurance Company","0.084873184","1","1","0","2","11.7822845","111","2021"
"29742","Integon National Insurance Company","0.08583438","4","5","21","30","46.6013735","112","2021"
"10914","Kemper Independence Insurance Company","0.092023425","3","2","9","14","32.600395","113","2021"
"23728","National General Insurance Company","0.108168507","2","4","5","11","18.48967","114","2021"
"18600","USAA General Indemnity Company","0.112414934","12","9","19","40","106.747383","115","2021"
"10022","Countryway Insurance Company","0.148653692","1","1","0","2","6.7270445","116","2021"
"11851","Progressive Advanced Insurance Company","0.152407959","74","28","75","177","485.5389465","117","2021"
"16322","Progressive Direct Insurance Company","0.165576351","3","7","10","20","18.1185295","118","2021"
"16063","Unitrin Auto and Home Insurance Company","0.210806","1","0","0","1","4.743698","119","2021"
"10226","Unitrin Direct Insurance Company","0.215809258","1","0","2","3","4.6337215","120","2021"
"25275","Plymouth Rock Assurance Corporation of New York","0.216049442","3","3","10","16","13.8857105","121","2021"
"10111","American Bankers Insurance Company of Florida","0.242397828","1","2","1","4","4.1254495","122","2021"
"10839","Country-Wide Insurance Company","0.265215041","19","14","42","75","71.639979","123","2021"
"37648","Permanent General Assurance Corporation","0.295044738","3","1","9","13","10.1679495","124","2021"
"10806","Farmers New Century Insurance Company","0.633565208","1","0","1","2","1.5783695","125","2021"
"27138","Midvale Indemnity Company","0.804336662","1","0","1","2","1.2432605","126","2021"
"14788","NGM Insurance Company","0.942605683","4","0","1","5","4.243556","127","2021"
"25232","Bantry Insurance Company","1.202173048","1","0","1","2","0.831827","128","2021"
"20281","Federal Insurance Company","1.207743326","1","0","0","1","0.8279905","129","2021"
"25682","Travelers Indemnity Company of Connecticut","1.618950528","5","1","3","9","3.0884205","130","2021"
"19682","Hartford Fire Insurance Company","1.723358705","2","0","0","2","1.1605245","131","2021"
"22268","Infinity Insurance Company","2.502115852","2","0","0","2","0.7993235","132","2021"
"38628","Progressive Northern Insurance Company","8.31075578","1","1","4","6","0.120326","133","2021"
"10921","CSAA Fire & Casualty Insurance Company","38.7897595","1","0","0","1","0.02578","134","2021"
"10881","Unitrin Advantage Insurance Company","15209.12548","2","0","0","2","0.0001315","135","2021"
"12583","Adirondack Insurance Exchange","0","0","7","13","20","107.123761","1","2020"
"10052","Chubb National Insurance Company","0","0","1","1","2","64.9934845","2","2020"
"15024","Preferred Mutual Insurance Company","0","0","3","10","13","63.5099855","3","2020"
"16233","Erie Insurance Company of New York","0","0","2","3","5","53.2119335","4","2020"
"13026","Main Street America Protection Insurance Company","0","0","0","0","0","43.801589","5","2020"
"36587","Plymouth Rock Assurance Preferred Corporation","0","0","1","3","4","42.8735195","6","2020"
"42919","Progressive Northwestern Insurance Company","0","0","2","3","5","35.9862175","7","2020"
"25674","Travelers Property Casualty Company of America","0","0","1","4","5","28.2031405","8","2020"
"19402","AIG Property Casualty Company","0","0","2","1","3","26.590202","9","2020"
"10791","Palisades Insurance Company","0","0","1","4","5","23.890451","10","2020"
"11252","Encompass Home and Auto Insurance Company","0","0","2","1","3","20.3060325","11","2020"
"13803","Farm Family Casualty Insurance Company","0","0","1","6","7","19.305065","12","2020"
"12901","Merchants Preferred Insurance Company","0","0","1","1","2","18.3868215","13","2020"
"11215","SAFECO Insurance Company of Indiana","0","0","0","1","1","17.15712","14","2020"
"40231","Old Dominion Insurance Company","0","0","2","4","6","16.0530235","15","2020"
"18279","Bankers Standard Insurance Company","0","0","0","0","0","15.5099905","16","2020"
"20303","Great Northern Insurance Company","0","0","0","0","0","13.6137485","17","2020"
"19070","Standard Fire Insurance Company","0","0","0","3","3","11.226249","18","2020"
"23582","Harleysville Insurance Company","0","0","1","2","3","11.0777555","19","2020"
"36137","Travelers Commercial Insurance Company","0","0","0","0","0","9.885307","20","2020"
"37478","Hartford Insurance Company of the Midwest","0","0","0","0","0","8.9115745","21","2020"
"33588","First Liberty Insurance Corporation","0","0","0","0","0","8.7379615","22","2020"
"21261","Electric Insurance Company","0","0","0","3","3","8.704822","23","2020"
"29068","AMERICAN FAMILY CONNECT PROPERTY AND CASUALTY INSURANCE COMPANY","0","0","1","0","1","7.7504055","24","2020"
"29939","Main Street America Assurance Company","0","0","1","3","4","7.272463","25","2020"
"40649","Economy Premier Assurance Company","0","0","0","1","1","7.065025","26","2020"
"12777","Chubb Indemnity Insurance Company","0","0","1","1","2","7.032204","27","2020"
"10022","Countryway Insurance Company","0","0","0","1","1","6.6569525","28","2020"
"20230","Central Mutual Insurance Company","0","0","1","1","2","6.5643975","29","2020"
"25909","Unitrin Preferred Insurance Company","0","0","0","1","1","6.0413785","30","2020"
"23469","American Modern Home Insurance Company","0","0","0","0","0","5.916627","31","2020"
"25623","Phoenix Insurance Company","0","0","0","0","0","5.6310925","32","2020"
"16063","Unitrin Auto and Home Insurance Company","0","0","0","0","0","5.557147","33","2020"
"10226","Unitrin Direct Insurance Company","0","0","0","0","0","5.546356","34","2020"
"12831","State National Insurance Company, Inc.","0","0","0","0","0","5.4969505","35","2020"
"12475","Republic-Franklin Insurance Company","0","0","0","1","1","5.1473425","36","2020"
"42447","National General Assurance Company","0","0","4","2","6","5.1357735","37","2020"
"22748","Pacific Employers Insurance Company","0","0","0","0","0","5.1072985","38","2020"
"19240","Allstate Indemnity Company","0","0","0","10","10","5.07099","39","2020"
"32220","21st Century North America Insurance Company","0","0","0","0","0","4.938621","40","2020"
"10071","Encompass Insurance Company of America","0","0","0","0","0","4.875515","41","2020"
"19062","Automobile Insurance Company of Hartford, Connecticut","0","0","0","1","1","4.85041","42","2020"
"14788","NGM Insurance Company","0","0","0","0","0","4.8068005","43","2020"
"28188","TravCo Insurance Company","0","0","0","1","1","4.281389","44","2020"
"15210","Sterling Insurance Company","0","0","0","0","0","4.0723715","45","2020"
"15130","Encompass Indemnity Company","0","0","0","0","0","3.5725305","46","2020"
"10723","Nationwide Assurance Company","0","0","1","0","1","3.5088085","47","2020"
"12287","Amica Property and Casualty Insurance Company","0","0","0","0","0","3.320081","48","2020"
"25615","Charter Oak Fire Insurance Company","0","0","0","1","1","2.444103","49","2020"
"20397","Vigilant Insurance Company","0","0","0","0","0","2.1023325","50","2020"
"19429","Insurance Company of the State of Pennsylvania","0","0","0","2","2","1.9678275","51","2020"
"23647","Ironshore Indemnity Inc.","0","0","0","0","0","1.962679","52","2020"
"10806","Farmers New Century Insurance Company","0","0","0","0","0","1.9530705","53","2020"
"25232","21st Century Advantage Insurance Company","0","0","0","2","2","1.716485","54","2020"
"23450","American Family Home Insurance Company","0","0","0","0","0","1.5555775","55","2020"
"22357","Hartford Accident and Indemnity Company","0","0","0","2","2","1.359063","56","2020"
"29963","United Farm Family Insurance Company","0","0","0","0","0","1.310182","57","2020"
"31534","Citizens Insurance Company of America","0","0","0","1","1","1.221765","58","2020"
"25658","Travelers Indemnity Company","0","0","0","1","1","1.2021595","59","2020"
"34690","Property and Casualty Insurance Company of Hartford","0","0","0","0","0","1.183372","60","2020"
"40754","Blue Ridge Indemnity Company","0","0","0","0","0","1.13637","61","2020"
"32603","Berkley Insurance Company","0","0","0","0","0","1.1139985","62","2020"
"36170","Travelers Casualty Company of Connecticut","0","0","0","0","0","1.083949","63","2020"
"32786","Progressive Specialty Insurance Company","0.00760709","2","15","31","48","262.9126385","64","2020"
"22055","GEICO Indemnity Company","0.007985047","9","32","159","200","1127.106761","65","2020"
"27998","Travelers Home and Marine Insurance Company","0.009631894","1","4","1","6","103.8217445","66","2020"
"21253","Garrison Property and Casualty Insurance Company","0.011781213","1","3","18","22","84.880905","67","2020"
"11851","Progressive Advanced Insurance Company","0.013080005","6","24","85","115","458.7154385","68","2020"
"22063","Government Employees Insurance Company","0.013713727","10","46","84","140","729.1963625","69","2020"
"30104","Hartford Underwriters Insurance Company","0.013899449","1","5","12","18","71.945297","70","2020"
"38130","Travelers Personal Insurance Company","0.01508837","5","6","24","35","331.3810655","71","2020"
"23760","Nationwide General Insurance Company","0.01514812","1","2","14","17","66.0147925","72","2020"
"11105","A. Central Insurance Company","0.0157401","1","4","8","13","63.5319965","73","2020"
"43478","Utica National Insurance Company of Texas","0.016423591","1","1","4","6","60.8880235","74","2020"
"36447","LM General Insurance Company","0.016981975","9","24","77","110","529.9736775","75","2020"
"24279","Progressive Max Insurance Company","0.017239453","4","18","42","64","232.0259225","76","2020"
"26093","Nationwide Affinity Insurance Company of America","0.018840096","2","4","12","18","106.1565715","77","2020"
"35882","GEICO General Insurance Company","0.018931724","49","109","344","502","2588.248149","78","2020"
"26298","Farmers Property and Casualty Insurance Company","0.019818448","1","3","2","6","50.4580375","79","2020"
"36145","Travelers Personal Security Insurance Company","0.021045535","1","0","6","7","47.516016","80","2020"
"40169","Farmers Casualty Insurance Company","0.021628082","1","0","2","3","46.236185","81","2020"
"19704","American States Insurance Company","0.022680199","3","3","13","19","132.2739735","82","2020"
"29688","Allstate Fire and Casualty Insurance Company","0.023164005","26","59","131","216","1122.431111","83","2020"
"14834","New York Central Mutual Fire Insurance Company","0.024447925","8","21","39","68","327.22613","84","2020"
"21687","Mid-Century Insurance Company","0.02631372","2","2","18","22","76.005977","85","2020"
"10212","Allmerica Financial Alliance Insurance Company","0.029733145","2","4","3","9","67.264999","86","2020"
"24260","Progressive Casualty Insurance Company","0.031143335","19","30","93","142","610.082385","87","2020"
"23035","Liberty Mutual Fire Insurance Company","0.031595247","5","6","23","34","158.251649","88","2020"
"25453","Nationwide Insurance Company of America","0.031855996","1","0","3","4","31.3912645","89","2020"
"37915","Essentia Insurance Company","0.036000947","1","1","0","2","27.777047","90","2020"
"12873","Privilege Underwriters Reciprocal Exchange","0.036386529","1","0","0","1","27.482698","91","2020"
"23787","Nationwide Mutual Insurance Company","0.037085012","2","0","4","6","53.9301425","92","2020"
"25178","State Farm Mutual Automobile Insurance Company","0.037563659","60","113","191","364","1597.288478","93","2020"
"34339","Farmers Group Property and Casualty Insurance Company","0.039762245","4","2","9","15","100.5979415","94","2020"
"29742","Integon National Insurance Company","0.040683881","2","7","30","39","49.1595185","95","2020"
"10677","Cincinnati Insurance Company","0.041240445","1","1","1","3","24.248041","96","2020"
"25941","United Services Automobile Association","0.041541989","5","5","8","18","120.36015","97","2020"
"26263","Erie Insurance Company","0.041563979","3","8","13","24","72.1778825","98","2020"
"11908","Mercury Casualty Company","0.042310319","1","1","6","8","23.634896","99","2020"
"38288","Hartford Insurance Company of Illinois","0.043257429","1","1","4","6","23.1174165","100","2020"
"33600","LM Insurance Corporation","0.04870295","1","0","6","7","20.532637","101","2020"
"30210","Esurance Property and Casualty Insurance Company","0.053542976","2","3","16","21","37.353172","102","2020"
"12130","New South Insurance Company","0.05682599","3","10","14","27","52.792745","103","2020"
"17230","Allstate Property and Casualty Insurance Company","0.060888532","10","8","25","43","164.2345385","104","2020"
"19976","Amica Mutual Insurance Company","0.067537828","5","2","6","13","74.032585","105","2020"
"25712","Esurance Insurance Company","0.068013691","3","2","14","19","44.1087665","106","2020"
"29424","Hartford Casualty Insurance Company","0.072997956","2","0","2","4","27.3980275","107","2020"
"10914","Kemper Independence Insurance Company","0.075019485","3","4","12","19","39.9896105","108","2020"
"11185","Foremost Insurance Company Grand Rapids, Michigan","0.07502192","1","0","3","4","13.3294375","109","2020"
"37770","CSAA General Insurance Company","0.077703706","1","3","4","8","12.869399","110","2020"
"25968","USAA Casualty Insurance Company","0.077942106","10","7","27","44","128.300356","111","2020"
"34789","21st Century Centennial Insurance Company","0.084270035","2","2","6","10","23.7332285","112","2020"
"19232","Allstate Insurance Company","0.098914687","53","28","87","168","535.815272","113","2020"
"25976","Utica Mutual Insurance Company","0.100984477","1","0","0","1","9.902512","114","2020"
"16322","Progressive Direct Insurance Company","0.119333383","2","4","14","20","16.7597695","115","2020"
"23728","National General Insurance Company","0.11949229","2","1","7","10","16.7374815","116","2020"
"40703","Unitrin Safeguard Insurance Company","0.125670967","4","3","12","19","31.8291495","117","2020"
"10111","American Bankers Insurance Company of Florida","0.129787378","1","1","1","3","7.7049095","118","2020"
"18600","USAA General Indemnity Company","0.131046782","14","8","21","43","106.832078","119","2020"
"12504","AMERICAN FAMILY CONNECT INSURANCE COMPANY","0.134737441","2","1","5","8","14.843684","120","2020"
"25143","State Farm Fire and Casualty Company","0.146894166","18","8","23","49","122.537201","121","2020"
"10839","Country-Wide Insurance Company","0.183622339","14","12","36","62","76.2434465","122","2020"
"23060","Tri-State Consumer Insurance Company","0.191283364","3","3","14","20","15.6835385","123","2020"
"25275","Plymouth Rock Assurance Corporation of New York","0.260034078","5","2","12","19","19.228249","124","2020"
"11000","Sentinel Insurance Company, Ltd.","0.266252626","1","0","0","1","3.7558315","125","2020"
"25682","Travelers Indemnity Company of Connecticut","0.288901613","1","0","0","1","3.461386","126","2020"
"11044","National General Insurance Online, Inc.","0.298916331","8","2","3","13","26.763342","127","2020"
"37648","Permanent General Assurance Corporation","0.320775353","3","5","2","10","9.3523395","128","2020"
"18058","Philadelphia Indemnity Insurance Company","0.441444729","2","1","3","6","4.5305785","129","2020"
"10072","Encompass Property and Casualty Company","0.511813814","1","0","0","1","1.9538355","130","2020"
"19682","Hartford Fire Insurance Company","0.752722409","1","0","1","2","1.328511","131","2020"
"20052","National Liability & Fire Insurance Company","0.933083889","2","2","2","6","2.14343","132","2020"
"27138","Midvale Indemnity Company","0.935637934","1","0","1","2","1.0687895","133","2020"
"27120","Trumbull Insurance Company","1.504842206","1","0","1","2","0.6645215","134","2020"
"10921","CSAA Fire & Casualty Insurance Company","2.463051154","2","2","3","7","0.812001","135","2020"
"26263","Erie Insurance Company","0","0","5","15","20","71.35","1","2019"
"30104","Hartford Underwriters Insurance Company","0","0","4","11","15","68.62","2","2019"
"11105","A. Central Insurance Company","0","0","4","9","13","62.81","3","2019"
"10052","Chubb National Insurance Company","0","0","1","1","2","59.45","4","2019"
"26298","Metropolitan Property and Casualty Insurance Company","0","0","3","2","5","37.45","5","2019"
"42919","Progressive Northwestern Insurance Company","0","0","5","5","10","35.03","6","2019"
"13026","Main Street America Protection Insurance Company","0","0","0","1","1","34.54","7","2019"
"34789","21st Century Centennial Insurance Company","0","0","1","3","4","29.94","8","2019"
"12873","Privilege Underwriters Reciprocal Exchange","0","0","3","0","3","24.3","9","2019"
"11908","Mercury Casualty Company","0","0","5","7","12","23.51","10","2019"
"11252","Encompass Home and Auto Insurance Company","0","0","0","3","3","21.59","11","2019"
"13803","Farm Family Casualty Insurance Company","0","0","4","1","5","21.53","12","2019"
"23760","Nationwide General Insurance Company","0","0","0","2","2","19.19","13","2019"
"33600","LM Insurance Corporation","0","0","1","3","4","18.48","14","2019"
"12901","Merchants Preferred Insurance Company","0","0","1","1","2","17.68","15","2019"
"18279","Bankers Standard Insurance Company","0","0","0","0","0","17.67","16","2019"
"16322","Progressive Direct Insurance Company","0","0","6","7","13","15.81","17","2019"
"11185","Foremost Insurance Company Grand Rapids, Michigan","0","0","0","1","1","14.56","18","2019"
"23582","Harleysville Insurance Company","0","0","2","0","2","14.47","19","2019"
"20303","Great Northern Insurance Company","0","0","0","0","0","14.39","20","2019"
"23728","National General Insurance Company","0","0","1","3","4","14.36","21","2019"
"36587","Plymouth Rock Assurance Preferred Corporation","0","0","1","1","2","14.35","22","2019"
"36137","Travelers Commercial Insurance Company","0","0","0","1","1","11.44","23","2019"
"33588","First Liberty Insurance Corporation","0","0","1","0","1","10.71","24","2019"
"37478","Hartford Insurance Company of the Midwest","0","0","1","1","2","10.26","25","2019"
"21261","Electric Insurance Company","0","0","0","1","1","9.37","26","2019"
"29068","AMERICAN FAMILY CONNECT PROPERTY AND CASUALTY INSURANCE COMPANY","0","0","2","3","5","9.16","27","2019"
"29939","Main Street America Assurance Company","0","0","3","1","4","8.6","28","2019"
"12831","State National Insurance Company, Inc.","0","0","0","0","0","8.33","29","2019"
"37648","Permanent General Assurance Corporation","0","0","0","6","6","8.27","30","2019"
"40649","Economy Premier Assurance Company","0","0","0","0","0","8.01","31","2019"
"12777","Chubb Indemnity Insurance Company","0","0","0","1","1","7.37","32","2019"
"25909","Unitrin Preferred Insurance Company","0","0","1","0","1","7.09","33","2019"
"10022","Countryway Insurance Company","0","0","1","4","5","6.71","34","2019"
"16063","Unitrin Auto and Home Insurance Company","0","0","0","0","0","6.67","35","2019"
"25623","Phoenix Insurance Company","0","0","0","0","0","6.62","36","2019"
"10226","Unitrin Direct Insurance Company","0","0","0","0","0","6.61","37","2019"
"19240","Allstate Indemnity Company","0","0","0","3","3","6.47","38","2019"
"32220","21st Century North America Insurance Company","0","0","1","1","2","6.44","39","2019"
"23469","American Modern Home Insurance Company","0","0","2","1","3","5.95","40","2019"
"10071","Encompass Insurance Company of America","0","0","0","1","1","5.91","41","2019"
"22748","Pacific Employers Insurance Company","0","0","0","0","0","5.88","42","2019"
"12475","Republic-Franklin Insurance Company","0","0","0","0","0","5.82","43","2019"
"14788","NGM Insurance Company","0","0","0","1","1","5.53","44","2019"
"42447","National General Assurance Company","0","0","0","0","0","5.3","45","2019"
"19062","Automobile Insurance Company of Hartford, Connecticut","0","0","0","0","0","5.28","46","2019"
"28188","TravCo Insurance Company","0","0","0","0","0","4.88","47","2019"
"11000","Sentinel Insurance Company, Ltd.","0","0","0","0","0","4.54","48","2019"
"15130","Encompass Indemnity Company","0","0","0","1","1","4.3","49","2019"
"25682","Travelers Indemnity Company of Connecticut","0","0","0","0","0","3.98","50","2019"
"15210","Sterling Insurance Company","0","0","0","1","1","3.98","51","2019"
"10723","Nationwide Assurance Company","0","0","1","1","2","3.65","52","2019"
"20052","National Liability & Fire Insurance Company","0","0","0","3","3","3.05","53","2019"
"19429","Insurance Company of the State of Pennsylvania","0","0","0","0","0","2.82","54","2019"
"25615","Charter Oak Fire Insurance Company","0","0","0","0","0","2.79","55","2019"
"10072","Encompass Property and Casualty Company","0","0","0","0","0","2.25","56","2019"
"10806","Farmers New Century Insurance Company","0","0","0","0","0","2.23","57","2019"
"20397","Vigilant Insurance Company","0","0","0","0","0","2.22","58","2019"
"25232","21st Century Advantage Insurance Company","0","0","1","0","1","2.2","59","2019"
"23647","Ironshore Indemnity Inc.","0","0","0","0","0","1.93","60","2019"
"22357","Hartford Accident and Indemnity Company","0","0","0","0","0","1.64","61","2019"
"31534","Citizens Insurance Company of America","0","0","0","0","0","1.55","62","2019"
"19682","Hartford Fire Insurance Company","0","0","0","0","0","1.53","63","2019"
"38628","Progressive Northern Insurance Company","0","0","0","0","0","1.45","64","2019"
"25658","Travelers Indemnity Company","0","0","1","2","3","1.42","65","2019"
"24414","General Casualty Company of Wisconsin","0","0","0","0","0","1.41","66","2019"
"34690","Property and Casualty Insurance Company of Hartford","0","0","0","0","0","1.32","67","2019"
"41513","Foremost Signature Insurance Company","0","0","0","0","0","1.24","68","2019"
"36170","Travelers Casualty Company of Connecticut","0","0","0","0","0","1.24","69","2019"
"42404","Liberty Insurance Corporation","0","0","0","1","1","1.23","70","2019"
"21709","Truck Insurance Exchange","0","0","0","0","0","1.23","71","2019"
"21164","Dairyland Insurance Company","0","0","0","0","0","1.2","72","2019"
"19615","American Reliable Insurance Company","0","0","0","0","0","1.12","73","2019"
"41483","Farmington Casualty Company","0","0","0","1","1","1.06","74","2019"
"22268","Infinity Insurance Company","0","0","0","1","1","1.03","75","2019"
"35882","GEICO General Insurance Company","0","5","12","45","62","2654.76","76","2019"
"22063","Government Employees Insurance Company","0","3","43","65","111","743.44","77","2019"
"22055","GEICO Indemnity Company","0.01","6","57","137","200","1177.2","78","2019"
"12583","Adirondack Insurance Exchange","0.01","1","8","11","20","108.29","79","2019"
"14834","New York Central Mutual Fire Insurance Company","0.01","3","18","34","55","313.81","80","2019"
"34339","Metropolitan Group Property and Casualty Insurance Company","0.01","1","4","4","9","101.71","81","2019"
"11851","Progressive Advanced Insurance Company","0.01","5","23","64","92","420.53","82","2019"
"38130","Travelers Personal Insurance Company","0.01","4","5","10","19","306.47","83","2019"
"10212","Allmerica Financial Alliance Insurance Company","0.01","1","3","5","9","71.33","84","2019"
"23035","Liberty Mutual Fire Insurance Company","0.02","3","10","15","28","191.23","85","2019"
"32786","Progressive Specialty Insurance Company","0.02","4","17","35","56","254.22","86","2019"
"23787","Nationwide Mutual Insurance Company","0.02","1","4","7","12","61.37","87","2019"
"27998","Travelers Home and Marine Insurance Company","0.02","2","6","7","15","120.5","88","2019"
"36447","LM General Insurance Company","0.02","8","18","66","92","420.2","89","2019"
"24279","Progressive Max Insurance Company","0.02","4","21","39","64","201.16","90","2019"
"16233","Erie Insurance Company of New York","0.02","1","5","10","16","49.87","91","2019"
"26093","Nationwide Affinity Insurance Company of America","0.02","3","9","19","31","130.8","92","2019"
"19976","Amica Mutual Insurance Company","0.02","2","2","3","7","84.84","93","2019"
"19704","American States Insurance Company","0.02","3","12","16","31","123.58","94","2019"
"25941","United Services Automobile Association","0.02","3","4","9","16","120.03","95","2019"
"21687","Mid-Century Insurance Company","0.03","2","8","17","27","76.76","96","2019"
"25712","Esurance Insurance Company","0.03","1","4","11","16","37.98","97","2019"
"15024","Preferred Mutual Insurance Company","0.03","2","4","10","16","67.17","98","2019"
"25674","Travelers Property Casualty Company of America","0.03","1","1","3","5","32.37","99","2019"
"25178","State Farm Mutual Automobile Insurance Company","0.03","51","119","145","315","1595.57","100","2019"
"30210","Esurance Property and Casualty Insurance Company","0.03","1","0","8","9","30.65","101","2019"
"29424","Hartford Casualty Insurance Company","0.03","1","1","6","8","30.24","102","2019"
"24260","Progressive Casualty Insurance Company","0.04","22","48","74","144","607.65","103","2019"
"29688","Allstate Fire and Casualty Insurance Company","0.04","39","66","135","240","1047.76","104","2019"
"19402","AIG Property Casualty Company","0.04","1","1","3","5","26.61","105","2019"
"40169","Metropolitan Casualty Insurance Company","0.04","2","0","3","5","50.92","106","2019"
"37915","Essentia Insurance Company","0.04","1","0","0","1","23.83","107","2019"
"36145","Travelers Personal Security Insurance Company","0.04","2","3","5","10","47.35","108","2019"
"18600","USAA General Indemnity Company","0.05","5","10","22","37","106.04","109","2019"
"40231","Old Dominion Insurance Company","0.05","1","1","2","4","20.79","110","2019"
"25453","Nationwide Insurance Company of America","0.05","2","0","5","7","38.45","111","2019"
"40703","Unitrin Safeguard Insurance Company","0.05","1","2","0","3","18.86","112","2019"
"25968","USAA Casualty Insurance Company","0.06","7","4","13","24","123.02","113","2019"
"29742","Integon National Insurance Company","0.06","4","16","19","39","66.19","114","2019"
"11044","National General Insurance Online, Inc.","0.07","3","8","5","16","44.12","115","2019"
"23060","Tri-State Consumer Insurance Company","0.07","1","6","20","27","14.19","116","2019"
"17230","Allstate Property and Casualty Insurance Company","0.07","13","6","19","38","184.12","117","2019"
"43478","Utica National Insurance Company of Texas","0.07","4","2","7","13","54.73","118","2019"
"25275","Plymouth Rock Assurance Corporation of New York","0.08","2","5","9","16","26.32","119","2019"
"25143","State Farm Fire and Casualty Company","0.08","11","12","33","56","143.01","120","2019"
"38288","Hartford Insurance Company of Illinois","0.08","2","0","3","5","25.49","121","2019"
"25976","Utica Mutual Insurance Company","0.1","1","0","2","3","10.08","122","2019"
"10914","Kemper Independence Insurance Company","0.1","5","3","6","14","49.34","123","2019"
"12504","AMERICAN FAMILY CONNECT INSURANCE COMPANY","0.1","2","2","3","7","19.54","124","2019"
"10677","Cincinnati Insurance Company","0.1","2","0","0","2","19.42","125","2019"
"12130","New South Insurance Company","0.11","8","5","11","24","73.58","126","2019"
"21253","Garrison Property and Casualty Insurance Company","0.12","10","7","24","41","80.64","127","2019"
"11215","SAFECO Insurance Company of Indiana","0.15","3","3","3","9","20.62","128","2019"
"20230","Central Mutual Insurance Company","0.16","1","0","0","1","6.24","129","2019"
"19232","Allstate Insurance Company","0.16","95","44","77","216","587.17","130","2019"
"12287","Amica Property and Casualty Insurance Company","0.2","1","0","2","3","5.02","131","2019"
"18058","Philadelphia Indemnity Insurance Company","0.23","1","2","0","3","4.41","132","2019"
"37770","CSAA General Insurance Company","0.29","4","1","3","8","13.63","133","2019"
"10839","Country-Wide Insurance Company","0.37","32","26","57","115","87.26","134","2019"
"10111","American Bankers Insurance Company of Florida","0.41","3","0","3","6","7.35","135","2019"
"23450","American Family Home Insurance Company","0.69","1","0","1","2","1.46","136","2019"
"10921","CSAA Fire & Casualty Insurance Company","0.87","2","2","4","8","2.29","137","2019"
"24740","SAFECO Insurance Company of America","1.02","1","0","2","3","0.98","138","2019"
"10674","Harleysville Insurance Company of New York","6.32","2","0","0","2","0.32","139","2019"
"12583","Adirondack Insurance Exchange","0","0","8","5","13","99.11","1","2018"
"34339","Metropolitan Group Property and Casualty Insurance Company","0","0","2","6","8","98.77","2","2018"
"19976","Amica Mutual Insurance Company","0","0","3","8","11","83.43","3","2018"
"10212","Allmerica Financial Alliance Insurance Company","0","0","1","11","12","70.54","4","2018"
"23787","Nationwide Mutual Insurance Company","0","0","2","5","7","67.87","5","2018"
"15024","Preferred Mutual Insurance Company","0","0","5","2","7","65.87","6","2018"
"10052","Chubb National Insurance Company","0","0","1","1","2","55.33","7","2018"
"11105","A. Central Insurance Company","0","0","3","11","14","54.66","8","2018"
"43478","Utica National Insurance Company of Texas","0","0","4","3","7","49.52","9","2018"
"25453","Nationwide Insurance Company of America","0","0","2","2","4","45.98","10","2018"
"16233","Erie Insurance Company of New York","0","0","3","5","8","45.08","11","2018"
"36145","Travelers Personal Security Insurance Company","0","0","4","3","7","43.16","12","2018"
"42919","Progressive Northwestern Insurance Company","0","0","4","3","7","33.92","13","2018"
"26298","Metropolitan Property and Casualty Insurance Company","0","0","0","2","2","27.53","14","2018"
"40231","Old Dominion Insurance Company","0","0","4","3","7","25.09","15","2018"
"11215","SAFECO Insurance Company of Indiana","0","0","1","7","8","24.94","16","2018"
"13026","Main Street America Protection Insurance Company","0","0","0","0","0","24.49","17","2018"
"30210","Esurance Property and Casualty Insurance Company","0","0","0","6","6","23.54","18","2018"
"13803","Farm Family Casualty Insurance Company","0","0","0","2","2","22.89","19","2018"
"11252","Encompass Home and Auto Insurance Company","0","0","1","4","5","21.99","20","2018"
"37915","Essentia Insurance Company","0","0","2","1","3","20.98","21","2018"
"12873","Privilege Underwriters Reciprocal Exchange","0","0","1","0","1","20.27","22","2018"
"18279","Bankers Standard Insurance Company","0","0","0","0","0","19.09","23","2018"
"34789","21st Century Centennial Insurance Company","0","0","0","4","4","16.99","24","2018"
"12901","Merchants Preferred Insurance Company","0","0","0","2","2","15.96","25","2018"
"23582","Harleysville Insurance Company","0","0","1","0","1","15.9","26","2018"
"20303","Great Northern Insurance Company","0","0","1","0","1","15.29","27","2018"
"10677","Cincinnati Insurance Company","0","0","0","0","0","14.53","28","2018"
"23060","Tri-State Consumer Insurance Company","0","0","4","20","24","13.72","29","2018"
"36137","Travelers Commercial Insurance Company","0","0","1","0","1","12.98","30","2018"
"37478","Hartford Insurance Company of the Midwest","0","0","0","1","1","11.74","31","2018"
"29068","IDS Property Casualty Insurance Company","0","0","2","2","4","10.23","32","2018"
"23728","National General Insurance Company","0","0","0","2","2","10.02","33","2018"
"25976","Utica Mutual Insurance Company","0","0","0","2","2","9.93","34","2018"
"21261","Electric Insurance Company","0","0","0","1","1","9.55","35","2018"
"40649","Economy Premier Assurance Company","0","0","0","0","0","8.96","36","2018"
"25909","Unitrin Preferred Insurance Company","0","0","1","0","1","8.05","37","2018"
"19240","Allstate Indemnity Company","0","0","1","4","5","7.91","38","2018"
"25623","Phoenix Insurance Company","0","0","0","1","1","7.82","39","2018"
"10226","Unitrin Direct Insurance Company","0","0","0","2","2","7.7","40","2018"
"32220","21st Century North America Insurance Company","0","0","1","4","5","7.65","41","2018"
"22748","Pacific Employers Insurance Company","0","0","0","0","0","6.84","42","2018"
"10071","Encompass Insurance Company of America","0","0","0","0","0","6.83","43","2018"
"10022","Countryway Insurance Company","0","0","0","5","5","6.63","44","2018"
"12475","Republic-Franklin Insurance Company","0","0","0","0","0","6.32","45","2018"
"14788","NGM Insurance Company","0","0","1","1","2","6.17","46","2018"
"36587","Plymouth Rock Assurance Preferred Corporation","0","0","0","0","0","6.03","47","2018"
"23469","American Modern Home Insurance Company","0","0","0","0","0","5.95","48","2018"
"19062","Automobile Insurance Company of Hartford, Connecticut","0","0","1","0","1","5.76","49","2018"
"11000","Sentinel Insurance Company, Ltd.","0","0","0","0","0","5.74","50","2018"
"20230","Central Mutual Insurance Company","0","0","1","0","1","5.54","51","2018"
"28188","TravCo Insurance Company","0","0","0","1","1","5.53","52","2018"
"42447","National General Assurance Company","0","0","0","2","2","5.4","53","2018"
"40703","Unitrin Safeguard Insurance Company","0","0","0","0","0","5.19","54","2018"
"37648","Permanent General Assurance Corporation","0","0","1","4","5","5.18","55","2018"
"15130","Encompass Indemnity Company","0","0","0","0","0","5.07","56","2018"
"25682","Travelers Indemnity Company of Connecticut","0","0","0","0","0","4.51","57","2018"
"20052","National Liability & Fire Insurance Company","0","0","0","6","6","4.08","58","2018"
"10723","Nationwide Assurance Company","0","0","0","0","0","3.93","59","2018"
"15210","Sterling Insurance Company","0","0","0","2","2","3.49","60","2018"
"25615","Charter Oak Fire Insurance Company","0","0","0","1","1","3.15","61","2018"
"19429","Insurance Company of the State of Pennsylvania","0","0","0","0","0","3.12","62","2018"
"25232","21st Century Advantage Insurance Company","0","0","0","1","1","2.71","63","2018"
"10072","Encompass Property and Casualty Company","0","0","0","0","0","2.61","64","2018"
"20397","Vigilant Insurance Company","0","0","0","0","0","2.36","65","2018"
"10806","Farmers New Century Insurance Company","0","0","1","0","1","2.34","66","2018"
"41513","Foremost Signature Insurance Company","0","0","0","1","1","2.07","67","2018"
"22357","Hartford Accident and Indemnity Company","0","0","0","1","1","1.92","68","2018"
"31534","Citizens Insurance Company of America","0","0","0","0","0","1.9","69","2018"
"23647","Ironshore Indemnity Inc.","0","0","0","0","0","1.86","70","2018"
"38628","Progressive Northern Insurance Company","0","0","15","1","16","1.86","71","2018"
"21709","Truck Insurance Exchange","0","0","0","0","0","1.72","72","2018"
"25658","Travelers Indemnity Company","0","0","1","1","2","1.68","73","2018"
"21164","Dairyland Insurance Company","0","0","0","2","2","1.62","74","2018"
"42404","Liberty Insurance Corporation","0","0","0","0","0","1.59","75","2018"
"23450","American Family Home Insurance Company","0","0","0","0","0","1.5","76","2018"
"24414","General Casualty Company of Wisconsin","0","0","0","0","0","1.46","77","2018"
"40754","Blue Ridge Indemnity Company","0","0","0","0","0","1.44","78","2018"
"34690","Property and Casualty Insurance Company of Hartford","0","0","0","0","0","1.43","79","2018"
"36170","Travelers Casualty Company of Connecticut","0","0","0","0","0","1.38","80","2018"
"41483","Farmington Casualty Company","0","0","0","1","1","1.37","81","2018"
"19615","American Reliable Insurance Company","0","0","0","0","0","1.29","82","2018"
"27930","Integon Casualty Insurance Company","0","0","0","0","0","1.28","83","2018"
"19070","Standard Fire Insurance Company","0","0","0","2","2","1.21","84","2018"
"10881","Unitrin Advantage Insurance Company","0","0","1","3","4","1.2","85","2018"
"43974","21st Century Indemnity Insurance Company","0","0","0","0","0","1.16","86","2018"
"22306","Massachusetts Bay Insurance Company","0","0","0","0","0","1.12","87","2018"
"20281","Federal Insurance Company","0","0","0","1","1","1.08","88","2018"
"35696","Harleysville Preferred Insurance Company","0","0","0","0","0","1.06","89","2018"
"22055","GEICO Indemnity Company","0.003","3","89","181","273","1109.3","90","2018"
"26093","Nationwide Affinity Insurance Company of America","0.01","1","7","17","25","148.22","91","2018"
"38130","Travelers Personal Insurance Company","0.01","2","9","15","26","270.28","92","2018"
"35882","GEICO General Insurance Company","0.01","20","200","260","480","2567.3","93","2018"
"11851","Progressive Advanced Insurance Company","0.01","3","46","55","104","362.1","94","2018"
"22063","Government Employees Insurance Company","0.01","6","41","67","114","712.9","95","2018"
"24279","Progressive Max Insurance Company","0.01","2","35","34","71","174.38","96","2018"
"25143","State Farm Fire and Casualty Company","0.01","2","10","26","38","165.32","97","2018"
"29688","Allstate Fire and Casualty Insurance Company","0.01","12","63","124","199","921.73","98","2018"
"26263","Erie Insurance Company","0.01","1","3","8","12","70.2","99","2018"
"11044","National General Insurance Online, Inc.","0.01","1","8","11","20","69.56","100","2018"
"17230","Allstate Property and Casualty Insurance Company","0.01","3","8","20","31","206.23","101","2018"
"36447","LM General Insurance Company","0.01","5","15","54","74","343","102","2018"
"29742","Integon National Insurance Company","0.02","1","5","20","26","66.1","103","2018"
"30104","Hartford Underwriters Insurance Company","0.02","1","2","8","11","65.44","104","2018"
"12130","New South Insurance Company","0.02","1","8","18","27","62.62","105","2018"
"25178","State Farm Mutual Automobile Insurance Company","0.02","26","88","196","310","1591.9","106","2018"
"25941","United Services Automobile Association","0.02","2","9","11","22","117.93","107","2018"
"14834","New York Central Mutual Fire Insurance Company","0.02","5","18","43","66","291.71","108","2018"
"24260","Progressive Casualty Insurance Company","0.02","10","52","73","135","555.01","109","2018"
"27998","Travelers Home and Marine Insurance Company","0.03","4","4","13","21","138.74","110","2018"
"29424","Hartford Casualty Insurance Company","0.03","1","0","4","5","34.09","111","2018"
"32786","Progressive Specialty Insurance Company","0.03","7","34","46","87","238.57","112","2018"
"21687","Mid-Century Insurance Company","0.03","2","5","17","24","64.95","113","2018"
"23035","Liberty Mutual Fire Insurance Company","0.03","7","15","34","56","226.65","114","2018"
"25712","Esurance Insurance Company","0.03","1","2","12","15","29.25","115","2018"
"25968","USAA Casualty Insurance Company","0.03","4","6","19","29","116.28","116","2018"
"40169","Metropolitan Casualty Insurance Company","0.04","2","1","5","8","55.82","117","2018"
"10914","Kemper Independence Insurance Company","0.04","2","2","6","10","54.99","118","2018"
"11908","Mercury Casualty Company","0.05","1","5","9","15","21.98","119","2018"
"19704","American States Insurance Company","0.05","6","4","9","19","116.15","120","2018"
"25674","Travelers Property Casualty Company of America","0.05","2","2","3","7","37.11","121","2018"
"33600","LM Insurance Corporation","0.05","1","2","3","6","18.31","122","2018"
"11185","Foremost Insurance Company Grand Rapids, Michigan","0.06","1","1","7","9","15.98","123","2018"
"21253","Garrison Property and Casualty Insurance Company","0.07","5","8","13","26","73.57","124","2018"
"38288","Hartford Insurance Company of Illinois","0.07","2","0","5","7","28.12","125","2018"
"19232","Allstate Insurance Company","0.08","49","61","84","194","645.64","126","2018"
"19402","AIG Property Casualty Company","0.08","2","1","1","4","25.22","127","2018"
"12504","Ameriprise Insurance Company","0.09","2","1","6","9","22.74","128","2018"
"12831","State National Insurance Company, Inc.","0.1","1","0","0","1","10.48","129","2018"
"18600","USAA General Indemnity Company","0.1","10","12","19","41","99.79","130","2018"
"29939","Main Street America Assurance Company","0.1","1","2","0","3","9.78","131","2018"
"34460","Maidstone Insurance Company","0.1","3","8","11","22","29.31","132","2018"
"16063","Unitrin Auto and Home Insurance Company","0.13","1","0","0","1","7.89","133","2018"
"12777","Chubb Indemnity Insurance Company","0.13","1","0","0","1","7.85","134","2018"
"25275","Plymouth Rock Assurance Corporation of New York","0.15","5","1","7","13","34.37","135","2018"
"33588","First Liberty Insurance Corporation","0.16","2","1","1","4","12.82","136","2018"
"12287","Amica Property and Casualty Insurance Company","0.16","1","0","2","3","6.23","137","2018"
"37770","CSAA General Insurance Company","0.23","3","3","4","10","12.97","138","2018"
"16322","Progressive Direct Insurance Company","0.27","4","5","8","17","15.06","139","2018"
"10111","American Bankers Insurance Company of Florida","0.42","3","0","0","3","7.1","140","2018"
"10839","Country-Wide Insurance Company","0.44","46","21","85","152","103.9","141","2018"
"19682","Hartford Fire Insurance Company","0.56","1","0","1","2","1.78","142","2018"
"13242","Titan Indemnity Company","0.79","1","1","1","3","1.26","143","2018"
"24740","SAFECO Insurance Company of America","0.91","1","0","1","2","1.09","144","2018"
"22268","Infinity Insurance Company","0.99","1","0","0","1","1.01","145","2018"
"29459","Twin City Fire Insurance Company","1.03","1","0","1","2","0.97","146","2018"
"36161","Travelers Property Casualty Insurance Company","1.32","1","1","0","2","0.76","147","2018"
"10921","CSAA Fire & Casualty Insurance Company","2.05","8","2","1","11","3.91","148","2018"
"18058","Philadelphia Indemnity Insurance Company","2.31","10","0","2","12","4.33","149","2018"
"39217","QBE Insurance Corporation","9.02","2","0","1","3","0.22","150","2018"
"37877","Nationwide Property and Casualty Insurance Company","192.23","1","1","0","2","0.01","151","2018"
"23787","Nationwide Mutual Insurance Company","0","0","1","7","8","74.27","1","2017"
"15024","Preferred Mutual Insurance Company","0","0","5","8","13","63.46","2","2017"
"10052","Chubb National Insurance Company","0","0","4","1","5","51.54","3","2017"
"43478","Utica National Insurance Company of Texas","0","0","4","6","10","45.91","4","2017"
"36145","Travelers Personal Security Insurance Company","0","0","1","3","4","38.64","5","2017"
"12130","New South Insurance Company","0","0","5","3","8","35.05","6","2017"
"42919","Progressive Northwestern Insurance Company","0","0","5","6","11","33.15","7","2017"
"40231","Old Dominion Insurance Company","0","0","0","3","3","29.41","8","2017"
"19402","AIG Property Casualty Company","0","0","0","4","4","25.6","9","2017"
"13803","Farm Family Casualty Insurance Company","0","0","2","4","6","23.13","10","2017"
"11252","Encompass Home and Auto Insurance Company","0","0","5","0","5","23","11","2017"
"30210","Esurance Property and Casualty Insurance Company","0","0","0","8","8","22.44","12","2017"
"26298","Metropolitan Property and Casualty Insurance Company","0","0","1","2","3","20.25","13","2017"
"18279","Bankers Standard Insurance Company","0","0","1","1","2","19.72","14","2017"
"37915","Essentia Insurance Company","0","0","0","1","1","18.79","15","2017"
"11185","Foremost Insurance Company Grand Rapids, Michigan","0","0","1","1","2","17.33","16","2017"
"33600","LM Insurance Corporation","0","0","1","5","6","16.84","17","2017"
"12873","Privilege Underwriters Reciprocal Exchange","0","0","1","0","1","16.75","18","2017"
"20303","Great Northern Insurance Company","0","0","0","1","1","16.5","19","2017"
"12901","Merchants Preferred Insurance Company","0","0","3","2","5","15.1","20","2017"
"37478","Hartford Insurance Company of the Midwest","0","0","0","1","1","13.41","21","2017"
"23582","Harleysville Insurance Company","0","0","1","0","1","13.3","22","2017"
"29068","IDS Property Casualty Insurance Company","0","0","0","5","5","11.11","23","2017"
"32220","21st Century North America Insurance Company","0","0","0","1","1","10.68","24","2017"
"19240","Allstate Indemnity Company","0","0","1","1","2","10.53","25","2017"
"12831","State National Insurance Company, Inc.","0","0","0","0","0","10.25","26","2017"
"36587","21st Century National Insurance Company","0","0","1","2","3","10.1","27","2017"
"40649","Economy Premier Assurance Company","0","0","0","0","0","10.08","28","2017"
"13026","Main Street America Protection Insurance Company","0","0","0","0","0","9.91","29","2017"
"21261","Electric Insurance Company","0","0","0","1","1","9.74","30","2017"
"25976","Utica Mutual Insurance Company","0","0","3","3","6","9.37","31","2017"
"25623","Phoenix Insurance Company","0","0","0","1","1","9.27","32","2017"
"16063","Unitrin Auto and Home Insurance Company","0","0","0","0","0","9.2","33","2017"
"10226","Unitrin Direct Insurance Company","0","0","1","1","2","9.09","34","2017"
"25909","Unitrin Preferred Insurance Company","0","0","1","1","2","8.94","35","2017"
"12777","Chubb Indemnity Insurance Company","0","0","0","0","0","8.5","36","2017"
"10071","Encompass Insurance Company of America","0","0","0","1","1","8","37","2017"
"11000","Sentinel Insurance Company, Ltd.","0","0","0","1","1","7.19","38","2017"
"22748","Pacific Employers Insurance Company","0","0","0","0","0","7.03","39","2017"
"12475","Republic-Franklin Insurance Company","0","0","0","0","0","6.62","40","2017"
"10022","Countryway Insurance Company","0","0","0","1","1","6.46","41","2017"
"28188","TravCo Insurance Company","0","0","0","0","0","6.41","42","2017"
"12287","Amica Property and Casualty Insurance Company","0","0","0","0","0","6.22","43","2017"
"15130","Encompass Indemnity Company","0","0","2","0","2","6.14","44","2017"
"34789","21st Century Centennial Insurance Company","0","0","1","1","2","5.98","45","2017"
"23728","National General Insurance Company","0","0","0","3","3","5.59","46","2017"
"23469","American Modern Home Insurance Company","0","0","0","1","1","5.59","47","2017"
"42447","National General Assurance Company","0","0","2","0","2","5.44","48","2017"
"20230","Central Mutual Insurance Company","0","0","0","0","0","5.25","49","2017"
"25682","Travelers Indemnity Company of Connecticut","0","0","2","1","3","5.23","50","2017"
"25232","21st Century Advantage Insurance Company","0","0","0","1","1","4.34","51","2017"
"10723","Nationwide Assurance Company","0","0","0","0","0","4.2","52","2017"
"13242","Titan Indemnity Company","0","0","2","2","4","3.88","53","2017"
"25615","Charter Oak Fire Insurance Company","0","0","0","0","0","3.66","54","2017"
"19429","Insurance Company of the State of Pennsylvania","0","0","0","0","0","3.22","55","2017"
"15210","Sterling Insurance Company","0","0","0","0","0","3.09","56","2017"
"10072","Encompass Property and Casualty Company","0","0","0","0","0","3.06","57","2017"
"10806","Farmers New Century Insurance Company","0","0","2","0","2","2.85","58","2017"
"43974","21st Century Indemnity Insurance Company","0","0","0","0","0","2.75","59","2017"
"37648","Permanent General Assurance Corporation","0","0","0","4","4","2.73","60","2017"
"20397","Vigilant Insurance Company","0","0","0","0","0","2.5","61","2017"
"31534","Citizens Insurance Company of America","0","0","0","2","2","2.33","62","2017"
"41513","Foremost Signature Insurance Company","0","0","0","0","0","2.3","63","2017"
"40754","Blue Ridge Indemnity Company","0","0","0","0","0","2.26","64","2017"
"22357","Hartford Accident and Indemnity Company","0","0","0","0","0","2.17","65","2017"
"10644","Victoria Automobile Insurance Company","0","0","0","0","0","2.07","66","2017"
"38628","Progressive Northern Insurance Company","0","0","1","0","1","2.04","67","2017"
"25658","Travelers Indemnity Company","0","0","3","2","5","1.98","68","2017"
"20796","21st Century Premier Insurance Company","0","0","0","1","1","1.94","69","2017"
"27930","Integon Casualty Insurance Company","0","0","1","0","1","1.88","70","2017"
"23647","Ironshore Indemnity Inc.","0","0","0","1","1","1.86","71","2017"
"42889","Victoria Fire & Casualty Company","0","0","1","4","5","1.81","72","2017"
"23833","21st Century Security Insurance Company","0","0","0","0","0","1.69","73","2017"
"23450","American Family Home Insurance Company","0","0","0","0","0","1.59","74","2017"
"36170","Travelers Casualty Company of Connecticut","0","0","0","0","0","1.56","75","2017"
"34690","Property and Casualty Insurance Company of Hartford","0","0","0","0","0","1.52","76","2017"
"19070","Standard Fire Insurance Company","0","0","2","1","3","1.47","77","2017"
"22306","Massachusetts Bay Insurance Company","0","0","0","0","0","1.39","78","2017"
"19615","American Reliable Insurance Company","0","0","0","0","0","1.34","79","2017"
"35696","Harleysville Preferred Insurance Company","0","0","0","0","0","1.23","80","2017"
"20281","Federal Insurance Company","0","0","0","1","1","1.17","81","2017"
"29459","Twin City Fire Insurance Company","0","0","0","1","1","1.15","82","2017"
"41491","GEICO Casualty Company","0","0","1","6","7","1.03","83","2017"
"22268","Infinity Insurance Company","0","0","0","0","0","1.01","84","2017"
"11851","Progressive Advanced Insurance Company","0.01","2","7","20","29","300.08","85","2017"
"24279","Progressive Max Insurance Company","0.01","1","14","37","52","141.67","86","2017"
"29688","Allstate Fire and Casualty Insurance Company","0.01","6","35","122","163","794.25","87","2017"
"38130","Travelers Personal Insurance Company","0.01","2","6","23","31","222.31","88","2017"
"32786","Progressive Specialty Insurance Company","0.01","2","19","34","55","220.65","89","2017"
"22063","Government Employees Insurance Company","0.01","6","44","88","138","660.51","90","2017"
"34339","Metropolitan Group Property and Casualty Insurance Company","0.01","1","3","15","19","96.16","91","2017"
"19976","Amica Mutual Insurance Company","0.01","1","3","3","7","83.85","92","2017"
"35882","GEICO General Insurance Company","0.01","29","161","277","467","2390.97","93","2017"
"11044","National General Insurance Online, Inc.","0.01","1","9","13","23","79.72","94","2017"
"22055","GEICO Indemnity Company","0.01","13","88","158","259","1023.55","95","2017"
"24260","Progressive Casualty Insurance Company","0.01","7","37","72","116","490.2","96","2017"
"10212","Allmerica Financial Alliance Insurance Company","0.02","1","9","7","17","66.19","97","2017"
"40169","Metropolitan Casualty Insurance Company","0.02","1","2","7","10","62.62","98","2017"
"14834","New York Central Mutual Fire Insurance Company","0.02","5","26","40","71","273.5","99","2017"
"26093","Nationwide Affinity Insurance Company of America","0.02","3","11","22","36","153.99","100","2017"
"36447","LM General Insurance Company","0.02","6","19","39","64","300.27","101","2017"
"17230","Allstate Property and Casualty Insurance Company","0.02","5","10","27","42","236.24","102","2017"
"25275","MAPFRE Insurance Company of New York","0.02","1","3","10","14","44.25","103","2017"
"25178","State Farm Mutual Automobile Insurance Company","0.02","35","85","151","271","1531.31","104","2017"
"12583","Adirondack Insurance Exchange","0.02","2","7","11","20","84.12","105","2017"
"29424","Hartford Casualty Insurance Company","0.03","1","0","3","4","39.48","106","2017"
"19704","American States Insurance Company","0.03","3","6","14","23","108.99","107","2017"
"26263","Erie Insurance Company","0.03","2","6","13","21","70.65","108","2017"
"34460","Maidstone Insurance Company","0.03","1","8","14","23","33.55","109","2017"
"23035","Liberty Mutual Fire Insurance Company","0.03","8","17","22","47","262.98","110","2017"
"30104","Hartford Underwriters Insurance Company","0.03","2","3","19","24","63.83","111","2017"
"11215","SAFECO Insurance Company of Indiana","0.03","1","0","3","4","30.17","112","2017"
"25712","Esurance Insurance Company","0.04","1","3","9","13","26.54","113","2017"
"21687","Mid-Century Insurance Company","0.04","2","7","18","27","50.81","114","2017"
"25968","USAA Casualty Insurance Company","0.05","5","7","22","34","109.05","115","2017"
"25674","Travelers Property Casualty Company of America","0.05","2","3","6","11","43.56","116","2017"
"11105","A. Central Insurance Company","0.05","2","2","4","8","41.99","117","2017"
"25143","State Farm Fire and Casualty Company","0.05","9","11","38","58","181.2","118","2017"
"10914","Kemper Independence Insurance Company","0.05","3","7","6","16","57.17","119","2017"
"25941","United Services Automobile Association","0.05","6","2","16","24","114.08","120","2017"
"25453","Nationwide Insurance Company of America","0.05","3","2","9","14","54.8","121","2017"
"29742","Integon National Insurance Company","0.06","3","16","23","42","53.62","122","2017"
"38288","Hartford Insurance Company of Illinois","0.06","2","3","7","12","31.25","123","2017"
"18600","USAA General Indemnity Company","0.07","6","13","20","39","89.38","124","2017"
"19232","Allstate Insurance Company","0.07","48","91","150","289","707.69","125","2017"
"16322","Progressive Direct Insurance Company","0.07","1","1","8","10","14.23","126","2017"
"27998","Travelers Home and Marine Insurance Company","0.07","12","4","13","29","163.83","127","2017"
"11908","Mercury Casualty Company","0.08","2","4","7","13","26.28","128","2017"
"12504","Ameriprise Insurance Company","0.08","2","10","13","25","25.29","129","2017"
"29939","Main Street America Assurance Company","0.09","1","0","0","1","10.95","130","2017"
"10677","Cincinnati Insurance Company","0.1","1","1","2","4","9.95","131","2017"
"16233","Erie Insurance Company of New York","0.12","5","3","5","13","40.38","132","2017"
"33588","First Liberty Insurance Corporation","0.13","2","1","1","4","15.16","133","2017"
"21253","Garrison Property and Casualty Insurance Company","0.14","9","13","19","41","64.76","134","2017"
"23060","Tri-State Consumer Insurance Company","0.15","2","4","25","31","13.72","135","2017"
"14788","NGM Insurance Company","0.15","1","0","2","3","6.8","136","2017"
"19062","Automobile Insurance Company of Hartford, Connecticut","0.15","1","1","0","2","6.79","137","2017"
"36137","Travelers Commercial Insurance Company","0.2","3","0","1","4","14.95","138","2017"
"20052","National Liability & Fire Insurance Company","0.25","1","3","8","12","4.05","139","2017"
"37770","CSAA General Insurance Company","0.26","3","3","6","12","11.62","140","2017"
"10111","American Bankers Insurance Company of Florida","0.29","2","0","1","3","6.97","141","2017"
"21709","Truck Insurance Exchange","0.46","1","0","0","1","2.19","142","2017"
"18058","Philadelphia Indemnity Insurance Company","0.47","2","1","4","7","4.26","143","2017"
"42404","Liberty Insurance Corporation","0.47","1","1","3","5","2.12","144","2017"
"21164","Dairyland Insurance Company","0.48","1","0","0","1","2.08","145","2017"
"19682","Hartford Fire Insurance Company","0.49","1","0","1","2","2.04","146","2017"
"41483","Farmington Casualty Company","0.55","1","0","0","1","1.83","147","2017"
"10839","Country-Wide Insurance Company","0.64","74","33","110","217","115.98","148","2017"
"10921","CSAA Fire & Casualty Insurance Company","0.66","4","3","2","9","6.06","149","2017"
"10881","Unitrin Advantage Insurance Company","1.15","3","4","1","8","2.6","150","2017"
"36161","Travelers Property Casualty Insurance Company","1.19","1","0","4","5","0.84","151","2017"
"24740","SAFECO Insurance Company of America","1.65","2","0","2","4","1.21","152","2017"
"14311","Interboro Insurance Company","1.68","1","0","1","2","0.6","153","2017"
"39217","QBE Insurance Corporation","6.79","4","0","1","5","0.59","154","2017"
"11738","Infinity Auto Insurance Company","12.63","2","0","0","2","0.16","155","2017"
"23760","Nationwide General Insurance Company","12.91","2","0","1","3","0.16","156","2017"
"39950","Metropolitan General Insurance Company","15.67","1","0","0","1","0.06","157","2017"
"37877","Nationwide Property and Casualty Insurance Company","20.6","1","1","4","6","0.05","158","2017"
"24198","Peerless Insurance Company","23.54","2","0","1","3","0.09","159","2017"
"32786","Progressive Specialty Insurance Company","0","0","17","29","46","204.173","1","2016"
"19976","Amica Mutual Insurance Company","0","0","9","8","17","84.769","2","2016"
"25453","Nationwide Insurance Company of America","0","0","9","4","13","65.335","3","2016"
"15024","Preferred Mutual Insurance Company","0","0","3","2","5","62.505","4","2016"
"10052","Chubb National Insurance Company","0","0","1","2","3","46.735","5","2016"
"43478","Utica National Insurance Company of Texas","0","0","4","4","8","43.693","6","2016"
"16233","Erie Insurance Company of New York","0","0","5","2","7","35.072","7","2016"
"42919","Progressive Northwestern Insurance Company","0","0","0","4","4","32.511","8","2016"
"34460","Maidstone Insurance Company","0","0","4","11","15","30.867","9","2016"
"36145","Travelers Personal Security Insurance Company","0","0","1","0","1","30.397","10","2016"
"25712","Esurance Insurance Company","0","0","4","9","13","29.776","11","2016"
"29742","Integon National Insurance Company","0","0","0","5","5","26.249","12","2016"
"11252","Encompass Home and Auto Insurance Company","0","0","1","3","4","23.911","13","2016"
"30210","Esurance Property and Casualty Insurance Company","0","0","3","7","10","23.263","14","2016"
"13803","Farm Family Casualty Insurance Company","0","0","0","1","1","22.796","15","2016"
"18279","Bankers Standard Insurance Company","0","0","0","0","0","20.956","16","2016"
"11185","Foremost Insurance Company Grand Rapids, Michigan","0","0","2","6","8","19.667","17","2016"
"36137","Travelers Commercial Insurance Company","0","0","1","2","3","18.093","18","2016"
"20303","Great Northern Insurance Company","0","0","0","0","0","17.419","19","2016"
"37915","Essentia Insurance Company","0","0","0","0","0","16.934","20","2016"
"12901","Merchants Preferred Insurance Company","0","0","3","0","3","16.023","21","2016"
"36587","21st Century National Insurance Company","0","0","1","2","3","15.572","22","2016"
"37478","Hartford Insurance Company of the Midwest","0","0","0","3","3","15.374","23","2016"
"32220","21st Century North America Insurance Company","0","0","0","2","2","14.056","24","2016"
"19240","Allstate Indemnity Company","0","0","5","4","9","14.044","25","2016"
"12873","Privilege Underwriters Reciprocal Exchange","0","0","0","0","0","14.028","26","2016"
"29939","Main Street America Assurance Company","0","0","0","1","1","12.493","27","2016"
"34789","21st Century Centennial Insurance Company","0","0","1","3","4","11.733","28","2016"
"40649","Economy Premier Assurance Company","0","0","1","1","2","11.331","29","2016"
"25623","Phoenix Insurance Company","0","0","0","0","0","11.177","30","2016"
"10226","Unitrin Direct Insurance Company","0","0","0","1","1","11.008","31","2016"
"16063","Unitrin Auto and Home Insurance Company","0","0","0","1","1","10.772","32","2016"
"37770","CSAA General Insurance Company","0","0","1","2","3","9.918","33","2016"
"21261","Electric Insurance Company","0","0","0","0","0","9.881","34","2016"
"10071","Encompass Insurance Company of America","0","0","1","4","5","9.421","35","2016"
"12831","State National Insurance Company, Inc.","0","0","0","2","2","9.399","36","2016"
"12777","Chubb Indemnity Insurance Company","0","0","0","0","0","9.336","37","2016"
"11000","Sentinel Insurance Company, Ltd.","0","0","1","1","2","9.141","38","2016"
"25976","Utica Mutual Insurance Company","0","0","2","0","2","8.919","39","2016"
"19062","Automobile Insurance Company of Hartford, Connecticut","0","0","0","1","1","8.253","40","2016"
"23582","Harleysville Insurance Company","0","0","0","0","0","8.193","41","2016"
"28188","TravCo Insurance Company","0","0","0","0","0","7.647","42","2016"
"14788","NGM Insurance Company","0","0","0","1","1","7.589","43","2016"
"15130","Encompass Indemnity Company","0","0","0","1","1","7.493","44","2016"
"12475","Republic-Franklin Insurance Company","0","0","0","0","0","7.094","45","2016"
"14311","Interboro Insurance Company","0","0","3","5","8","6.635","46","2016"
"10677","Cincinnati Insurance Company","0","0","0","3","3","6.365","47","2016"
"10022","Countryway Insurance Company","0","0","0","0","0","6.259","48","2016"
"25682","Travelers Indemnity Company of Connecticut","0","0","1","2","3","6.217","49","2016"
"23469","American Modern Home Insurance Company","0","0","0","4","4","5.416","50","2016"
"12287","Amica Property and Casualty Insurance Company","0","0","0","0","0","5.323","51","2016"
"25615","Charter Oak Fire Insurance Company","0","0","1","0","1","4.405","52","2016"
"10723","Nationwide Assurance Company","0","0","0","1","1","4.19","53","2016"
"43974","21st Century Indemnity Insurance Company","0","0","2","0","2","4.109","54","2016"
"10644","Victoria Automobile Insurance Company","0","0","0","3","3","3.764","55","2016"
"10806","Farmers New Century Insurance Company","0","0","1","1","2","3.613","56","2016"
"22748","Pacific Employers Insurance Company","0","0","0","0","0","3.384","57","2016"
"23728","National General Insurance Company","0","0","0","0","0","3.106","58","2016"
"20796","21st Century Premier Insurance Company","0","0","0","1","1","3.019","59","2016"
"15210","Sterling Insurance Company","0","0","0","0","0","2.979","60","2016"
"27930","Integon Casualty Insurance Company","0","0","0","1","1","2.89","61","2016"
"42404","Liberty Insurance Corporation","0","0","2","1","3","2.843","62","2016"
"31534","Citizens Insurance Company of America","0","0","0","1","1","2.841","63","2016"
"20397","Vigilant Insurance Company","0","0","0","0","0","2.77","64","2016"
"21709","Truck Insurance Exchange","0","0","0","0","0","2.749","65","2016"
"41483","Farmington Casualty Company","0","0","1","0","1","2.643","66","2016"
"40754","Blue Ridge Indemnity Company","0","0","0","0","0","2.616","67","2016"
"22357","Hartford Accident and Indemnity Company","0","0","0","0","0","2.55","68","2016"
"19429","Insurance Company of the State of Pennsylvania","0","0","0","0","0","2.546","69","2016"
"21849","American Automobile Insurance Company","0","0","0","0","0","2.433","70","2016"
"21164","Dairyland Insurance Company","0","0","1","3","4","2.425","71","2016"
"25658","Travelers Indemnity Company","0","0","2","3","5","2.403","72","2016"
"19682","Hartford Fire Insurance Company","0","0","0","0","0","2.392","73","2016"
"41513","Foremost Signature Insurance Company","0","0","0","0","0","2.087","74","2016"
"21865","Associated Indemnity Corporation","0","0","0","0","0","1.945","75","2016"
"23647","Ironshore Indemnity Inc.","0","0","0","0","0","1.833","76","2016"
"19070","Standard Fire Insurance Company","0","0","0","0","0","1.805","77","2016"
"36170","Travelers Casualty Company of Connecticut","0","0","0","0","0","1.798","78","2016"
"22306","Massachusetts Bay Insurance Company","0","0","0","0","0","1.741","79","2016"
"23450","American Family Home Insurance Company","0","0","0","0","0","1.719","80","2016"
"34690","Property and Casualty Insurance Company of Hartford","0","0","0","0","0","1.618","81","2016"
"37648","Permanent General Assurance Corporation","0","0","0","0","0","1.584","82","2016"
"19615","American Reliable Insurance Company","0","0","0","0","0","1.416","83","2016"
"35696","Harleysville Preferred Insurance Company","0","0","0","0","0","1.407","84","2016"
"41491","GEICO Casualty Company","0","0","4","5","9","1.364","85","2016"
"24740","SAFECO Insurance Company of America","0","0","0","1","1","1.358","86","2016"
"39217","QBE Insurance Corporation","0","0","1","0","1","1.238","87","2016"
"20281","Federal Insurance Company","0","0","0","0","0","1.199","88","2016"
"23779","Nationwide Mutual Fire Insurance Company","0","0","0","0","0","1.048","89","2016"
"26093","Nationwide Affinity Insurance Company of America","0.007","1","7","31","39","142.454","90","2016"
"22055","GEICO Indemnity Company","0.0072","7","96","157","260","965.925","91","2016"
"11851","Progressive Advanced Insurance Company","0.0082","2","19","44","65","242.487","92","2016"
"24279","Progressive Max Insurance Company","0.009","1","11","19","31","110.812","93","2016"
"24260","Progressive Casualty Insurance Company","0.0092","4","26","66","96","432.722","94","2016"
"25968","USAA Casualty Insurance Company","0.0098","1","9","14","24","101.955","95","2016"
"35882","GEICO General Insurance Company","0.0109","24","209","270","503","2199.89","96","2016"
"22063","Government Employees Insurance Company","0.0131","8","57","66","131","611.054","97","2016"
"40169","Metropolitan Casualty Insurance Company","0.0141","1","0","6","7","71.166","98","2016"
"14834","New York Central Mutual Fire Insurance Company","0.0151","4","22","49","75","265.121","99","2016"
"11044","National General Insurance Online, Inc.","0.0157","1","2","13","16","63.744","100","2016"
"23035","Liberty Mutual Fire Insurance Company","0.0164","5","16","35","56","304.589","101","2016"
"30104","Hartford Underwriters Insurance Company","0.0164","1","4","21","26","60.881","102","2016"
"10212","Allmerica Financial Alliance Insurance Company","0.0166","1","3","4","8","60.228","103","2016"
"25941","United Services Automobile Association","0.0181","2","4","12","18","110.483","104","2016"
"36447","LM General Insurance Company","0.0188","5","21","41","67","266.368","105","2016"
"29688","Allstate Fire and Casualty Insurance Company","0.0196","13","40","87","140","663.974","106","2016"
"27998","Travelers Home and Marine Insurance Company","0.02","4","6","8","18","200.222","107","2016"
"34339","Metropolitan Group Property and Casualty Insurance Company","0.0211","2","4","6","12","94.689","108","2016"
"29424","Hartford Casualty Insurance Company","0.0214","1","1","10","12","46.658","109","2016"
"25143","State Farm Fire and Casualty Company","0.0225","4","11","31","46","177.741","110","2016"
"38130","Travelers Personal Insurance Company","0.0257","4","7","7","18","155.487","111","2016"
"21687","Mid-Century Insurance Company","0.0274","1","3","8","12","36.431","112","2016"
"26263","Erie Insurance Company","0.0276","2","5","13","20","72.475","113","2016"
"12583","Adirondack Insurance Exchange","0.0278","2","6","8","16","72.034","114","2016"
"19232","Allstate Insurance Company","0.0308","23","91","123","237","747.431","115","2016"
"25178","State Farm Mutual Automobile Insurance Company","0.0314","45","46","130","221","1434.015","116","2016"
"17230","Allstate Property and Casualty Insurance Company","0.0325","9","27","27","63","276.824","117","2016"
"10914","Kemper Independence Insurance Company","0.0353","2","6","5","13","56.63","118","2016"
"21253","Garrison Property and Casualty Insurance Company","0.0354","2","7","11","20","56.532","119","2016"
"11105","A. Central Insurance Company","0.0355","1","3","3","7","28.149","120","2016"
"12504","Ameriprise Insurance Company","0.0367","1","5","9","15","27.276","121","2016"
"23787","Nationwide Mutual Insurance Company","0.0372","3","5","8","16","80.644","122","2016"
"18600","USAA General Indemnity Company","0.0381","3","5","15","23","78.813","123","2016"
"19704","American States Insurance Company","0.0392","4","6","10","20","102.038","124","2016"
"25275","MAPFRE Insurance Company of New York","0.0396","2","1","7","10","50.529","125","2016"
"33588","First Liberty Insurance Corporation","0.0565","1","4","0","5","17.7","126","2016"
"11908","Mercury Casualty Company","0.0567","2","10","17","29","35.293","127","2016"
"38288","Hartford Insurance Company of Illinois","0.0568","2","2","9","13","35.237","128","2016"
"25674","Travelers Property Casualty Company of America","0.057","3","3","8","14","52.669","129","2016"
"12130","New South Insurance Company","0.0572","2","4","8","14","34.955","130","2016"
"40231","Old Dominion Insurance Company","0.062","2","2","3","7","32.264","131","2016"
"33600","LM Insurance Corporation","0.0627","1","2","7","10","15.956","132","2016"
"26298","Metropolitan Property and Casualty Insurance Company","0.0683","1","0","1","2","14.642","133","2016"
"16322","Progressive Direct Insurance Company","0.0756","1","6","8","15","13.219","134","2016"
"20052","National Liability & Fire Insurance Company","0.0797","2","9","6","17","25.1","135","2016"
"11215","SAFECO Insurance Company of Indiana","0.0839","3","4","2","9","35.774","136","2016"
"25909","Unitrin Preferred Insurance Company","0.0986","1","1","0","2","10.139","137","2016"
"10111","American Bankers Insurance Company of Florida","0.143","1","0","1","2","6.995","138","2016"
"23060","Tri-State Consumer Insurance Company","0.1439","2","4","25","31","13.899","139","2016"
"25232","21st Century Advantage Insurance Company","0.1508","1","0","0","1","6.633","140","2016"
"13242","Titan Indemnity Company","0.1642","1","2","3","6","6.089","141","2016"
"42447","National General Assurance Company","0.1769","1","0","0","1","5.651","142","2016"
"10839","Country-Wide Insurance Company","0.1798","21","48","95","164","116.811","143","2016"
"20230","Central Mutual Insurance Company","0.1837","1","0","0","1","5.443","144","2016"
"19402","AIG Property Casualty Company","0.1919","5","1","5","11","26.058","145","2016"
"29068","IDS Property Casualty Insurance Company","0.2534","3","2","4","9","11.837","146","2016"
"23833","21st Century Security Insurance Company","0.2665","1","2","0","3","3.752","147","2016"
"10072","Encompass Property and Casualty Company","0.2847","1","0","0","1","3.513","148","2016"
"42889","Victoria Fire & Casualty Company","0.5891","2","1","3","6","3.395","149","2016"
"10881","Unitrin Advantage Insurance Company","0.6664","2","1","2","5","3.001","150","2016"
"23760","Nationwide General Insurance Company","0.7495","1","0","0","1","1.334","151","2016"
"27120","Trumbull Insurance Company","0.78","1","0","1","2","1.282","152","2016"
"10921","CSAA Fire & Casualty Insurance Company","0.8476","7","2","4","13","8.259","153","2016"
"38628","Progressive Northern Insurance Company","0.877","2","2","2","6","2.28","154","2016"
"18058","Philadelphia Indemnity Insurance Company","1.2198","5","1","4","10","4.099","155","2016"
"37877","Nationwide Property and Casualty Insurance Company","1.8117","1","0","1","2","0.552","156","2016"
"29459","Twin City Fire Insurance Company","2.2155","3","0","0","3","1.354","157","2016"
"24198","Peerless Insurance Company","10.3314","2","1","1","4","0.194","158","2016"
"32786","Progressive Specialty Insurance Company","0","0","17","29","46","204.173","1","2015"
"19976","Amica Mutual Insurance Company","0","0","9","8","17","84.769","2","2015"
"25453","Nationwide Insurance Company of America","0","0","9","4","13","65.335","3","2015"
"15024","Preferred Mutual Insurance Company","0","0","3","2","5","62.505","4","2015"
"10052","Chubb National Insurance Company","0","0","1","2","3","46.735","5","2015"
"43478","Utica National Insurance Company of Texas","0","0","4","4","8","43.693","6","2015"
"16233","Erie Insurance Company of New York","0","0","5","2","7","35.072","7","2015"
"42919","Progressive Northwestern Insurance Company","0","0","0","4","4","32.511","8","2015"
"34460","Maidstone Insurance Company","0","0","4","11","15","30.867","9","2015"
"36145","Travelers Personal Security Insurance Company","0","0","1","0","1","30.397","10","2015"
"25712","Esurance Insurance Company","0","0","4","9","13","29.776","11","2015"
"29742","Integon National Insurance Company","0","0","0","5","5","26.249","12","2015"
"11252","Encompass Home and Auto Insurance Company","0","0","1","3","4","23.911","13","2015"
"30210","Esurance Property and Casualty Insurance Company","0","0","3","7","10","23.263","14","2015"
"13803","Farm Family Casualty Insurance Company","0","0","0","1","1","22.796","15","2015"
"18279","Bankers Standard Insurance Company","0","0","0","0","0","20.956","16","2015"
"11185","Foremost Insurance Company Grand Rapids, Michigan","0","0","2","6","8","19.667","17","2015"
"36137","Travelers Commercial Insurance Company","0","0","1","2","3","18.093","18","2015"
"20303","Great Northern Insurance Company","0","0","0","0","0","17.419","19","2015"
"37915","Essentia Insurance Company","0","0","0","0","0","16.934","20","2015"
"12901","Merchants Preferred Insurance Company","0","0","3","0","3","16.023","21","2015"
"36587","21st Century National Insurance Company","0","0","1","2","3","15.572","22","2015"
"37478","Hartford Insurance Company of the Midwest","0","0","0","3","3","15.374","23","2015"
"32220","21st Century North America Insurance Company","0","0","0","2","2","14.056","24","2015"
"19240","Allstate Indemnity Company","0","0","5","4","9","14.044","25","2015"
"12873","Privilege Underwriters Reciprocal Exchange","0","0","0","0","0","14.028","26","2015"
"29939","Main Street America Assurance Company","0","0","0","1","1","12.493","27","2015"
"34789","21st Century Centennial Insurance Company","0","0","1","3","4","11.733","28","2015"
"40649","Economy Premier Assurance Company","0","0","1","1","2","11.331","29","2015"
"25623","Phoenix Insurance Company","0","0","0","0","0","11.177","30","2015"
"10226","Unitrin Direct Insurance Company","0","0","0","1","1","11.008","31","2015"
"16063","Unitrin Auto and Home Insurance Company","0","0","0","1","1","10.772","32","2015"
"37770","CSAA General Insurance Company","0","0","1","2","3","9.918","33","2015"
"21261","Electric Insurance Company","0","0","0","0","0","9.881","34","2015"
"10071","Encompass Insurance Company of America","0","0","1","4","5","9.421","35","2015"
"12831","State National Insurance Company, Inc.","0","0","0","2","2","9.399","36","2015"
"12777","Chubb Indemnity Insurance Company","0","0","0","0","0","9.336","37","2015"
"11000","Sentinel Insurance Company, Ltd.","0","0","1","1","2","9.141","38","2015"
"25976","Utica Mutual Insurance Company","0","0","2","0","2","8.919","39","2015"
"19062","Automobile Insurance Company of Hartford, Connecticut","0","0","0","1","1","8.253","40","2015"
"23582","Harleysville Insurance Company","0","0","0","0","0","8.193","41","2015"
"28188","TravCo Insurance Company","0","0","0","0","0","7.647","42","2015"
"14788","NGM Insurance Company","0","0","0","1","1","7.589","43","2015"
"15130","Encompass Indemnity Company","0","0","0","1","1","7.493","44","2015"
"12475","Republic-Franklin Insurance Company","0","0","0","0","0","7.094","45","2015"
"14311","Interboro Insurance Company","0","0","3","5","8","6.635","46","2015"
"10677","Cincinnati Insurance Company","0","0","0","3","3","6.365","47","2015"
"10022","Countryway Insurance Company","0","0","0","0","0","6.259","48","2015"
"25682","Travelers Indemnity Company of Connecticut","0","0","1","2","3","6.217","49","2015"
"23469","American Modern Home Insurance Company","0","0","0","4","4","5.416","50","2015"
"12287","Amica Property and Casualty Insurance Company","0","0","0","0","0","5.323","51","2015"
"25615","Charter Oak Fire Insurance Company","0","0","1","0","1","4.405","52","2015"
"10723","Nationwide Assurance Company","0","0","0","1","1","4.19","53","2015"
"43974","21st Century Indemnity Insurance Company","0","0","2","0","2","4.109","54","2015"
"10644","Victoria Automobile Insurance Company","0","0","0","3","3","3.764","55","2015"
"10806","Farmers New Century Insurance Company","0","0","1","1","2","3.613","56","2015"
"22748","Pacific Employers Insurance Company","0","0","0","0","0","3.384","57","2015"
"23728","National General Insurance Company","0","0","0","0","0","3.106","58","2015"
"20796","21st Century Premier Insurance Company","0","0","0","1","1","3.019","59","2015"
"15210","Sterling Insurance Company","0","0","0","0","0","2.979","60","2015"
"27930","Integon Casualty Insurance Company","0","0","0","1","1","2.89","61","2015"
"42404","Liberty Insurance Corporation","0","0","2","1","3","2.843","62","2015"
"31534","Citizens Insurance Company of America","0","0","0","1","1","2.841","63","2015"
"20397","Vigilant Insurance Company","0","0","0","0","0","2.77","64","2015"
"21709","Truck Insurance Exchange","0","0","0","0","0","2.749","65","2015"
"41483","Farmington Casualty Company","0","0","1","0","1","2.643","66","2015"
"40754","Blue Ridge Indemnity Company","0","0","0","0","0","2.616","67","2015"
"22357","Hartford Accident and Indemnity Company","0","0","0","0","0","2.55","68","2015"
"19429","Insurance Company of the State of Pennsylvania","0","0","0","0","0","2.546","69","2015"
"21849","American Automobile Insurance Company","0","0","0","0","0","2.433","70","2015"
"21164","Dairyland Insurance Company","0","0","1","3","4","2.425","71","2015"
"25658","Travelers Indemnity Company","0","0","2","3","5","2.403","72","2015"
"19682","Hartford Fire Insurance Company","0","0","0","0","0","2.392","73","2015"
"41513","Foremost Signature Insurance Company","0","0","0","0","0","2.087","74","2015"
"21865","Associated Indemnity Corporation","0","0","0","0","0","1.945","75","2015"
"23647","Ironshore Indemnity Inc.","0","0","0","0","0","1.833","76","2015"
"19070","Standard Fire Insurance Company","0","0","0","0","0","1.805","77","2015"
"36170","Travelers Casualty Company of Connecticut","0","0","0","0","0","1.798","78","2015"
"22306","Massachusetts Bay Insurance Company","0","0","0","0","0","1.741","79","2015"
"23450","American Family Home Insurance Company","0","0","0","0","0","1.719","80","2015"
"34690","Property and Casualty Insurance Company of Hartford","0","0","0","0","0","1.618","81","2015"
"37648","Permanent General Assurance Corporation","0","0","0","0","0","1.584","82","2015"
"19615","American Reliable Insurance Company","0","0","0","0","0","1.416","83","2015"
"35696","Harleysville Preferred Insurance Company","0","0","0","0","0","1.407","84","2015"
"41491","GEICO Casualty Company","0","0","4","5","9","1.364","85","2015"
"24740","SAFECO Insurance Company of America","0","0","0","1","1","1.358","86","2015"
"39217","QBE Insurance Corporation","0","0","1","0","1","1.238","87","2015"
"20281","Federal Insurance Company","0","0","0","0","0","1.199","88","2015"
"23779","Nationwide Mutual Fire Insurance Company","0","0","0","0","0","1.048","89","2015"
"26093","Nationwide Affinity Insurance Company of America","0.007","1","7","31","39","142.454","90","2015"
"22055","GEICO Indemnity Company","0.0072","7","96","157","260","965.925","91","2015"
"11851","Progressive Advanced Insurance Company","0.0082","2","19","44","65","242.487","92","2015"
"24279","Progressive Max Insurance Company","0.009","1","11","19","31","110.812","93","2015"
"24260","Progressive Casualty Insurance Company","0.0092","4","26","66","96","432.722","94","2015"
"25968","USAA Casualty Insurance Company","0.0098","1","9","14","24","101.955","95","2015"
"35882","GEICO General Insurance Company","0.0109","24","209","270","503","2199.89","96","2015"
"22063","Government Employees Insurance Company","0.0131","8","57","66","131","611.054","97","2015"
"40169","Metropolitan Casualty Insurance Company","0.0141","1","0","6","7","71.166","98","2015"
"14834","New York Central Mutual Fire Insurance Company","0.0151","4","22","49","75","265.121","99","2015"
"11044","National General Insurance Online, Inc.","0.0157","1","2","13","16","63.744","100","2015"
"23035","Liberty Mutual Fire Insurance Company","0.0164","5","16","35","56","304.589","101","2015"
"30104","Hartford Underwriters Insurance Company","0.0164","1","4","21","26","60.881","102","2015"
"10212","Allmerica Financial Alliance Insurance Company","0.0166","1","3","4","8","60.228","103","2015"
"25941","United Services Automobile Association","0.0181","2","4","12","18","110.483","104","2015"
"36447","LM General Insurance Company","0.0188","5","21","41","67","266.368","105","2015"
"29688","Allstate Fire and Casualty Insurance Company","0.0196","13","40","87","140","663.974","106","2015"
"27998","Travelers Home and Marine Insurance Company","0.02","4","6","8","18","200.222","107","2015"
"34339","Metropolitan Group Property and Casualty Insurance Company","0.0211","2","4","6","12","94.689","108","2015"
"29424","Hartford Casualty Insurance Company","0.0214","1","1","10","12","46.658","109","2015"
"25143","State Farm Fire and Casualty Company","0.0225","4","11","31","46","177.741","110","2015"
"38130","Travelers Personal Insurance Company","0.0257","4","7","7","18","155.487","111","2015"
"21687","Mid-Century Insurance Company","0.0274","1","3","8","12","36.431","112","2015"
"26263","Erie Insurance Company","0.0276","2","5","13","20","72.475","113","2015"
"12583","Adirondack Insurance Exchange","0.0278","2","6","8","16","72.034","114","2015"
"19232","Allstate Insurance Company","0.0308","23","91","123","237","747.431","115","2015"
"25178","State Farm Mutual Automobile Insurance Company","0.0314","45","46","130","221","1434.015","116","2015"
"17230","Allstate Property and Casualty Insurance Company","0.0325","9","27","27","63","276.824","117","2015"
"10914","Kemper Independence Insurance Company","0.0353","2","6","5","13","56.63","118","2015"
"21253","Garrison Property and Casualty Insurance Company","0.0354","2","7","11","20","56.532","119","2015"
"11105","A. Central Insurance Company","0.0355","1","3","3","7","28.149","120","2015"
"12504","Ameriprise Insurance Company","0.0367","1","5","9","15","27.276","121","2015"
"23787","Nationwide Mutual Insurance Company","0.0372","3","5","8","16","80.644","122","2015"
"18600","USAA General Indemnity Company","0.0381","3","5","15","23","78.813","123","2015"
"19704","American States Insurance Company","0.0392","4","6","10","20","102.038","124","2015"
"25275","MAPFRE Insurance Company of New York","0.0396","2","1","7","10","50.529","125","2015"
"33588","First Liberty Insurance Corporation","0.0565","1","4","0","5","17.7","126","2015"
"11908","Mercury Casualty Company","0.0567","2","10","17","29","35.293","127","2015"
"38288","Hartford Insurance Company of Illinois","0.0568","2","2","9","13","35.237","128","2015"
"25674","Travelers Property Casualty Company of America","0.057","3","3","8","14","52.669","129","2015"
"12130","New South Insurance Company","0.0572","2","4","8","14","34.955","130","2015"
"40231","Old Dominion Insurance Company","0.062","2","2","3","7","32.264","131","2015"
"33600","LM Insurance Corporation","0.0627","1","2","7","10","15.956","132","2015"
"26298","Metropolitan Property and Casualty Insurance Company","0.0683","1","0","1","2","14.642","133","2015"
"16322","Progressive Direct Insurance Company","0.0756","1","6","8","15","13.219","134","2015"
"20052","National Liability & Fire Insurance Company","0.0797","2","9","6","17","25.1","135","2015"
"11215","SAFECO Insurance Company of Indiana","0.0839","3","4","2","9","35.774","136","2015"
"25909","Unitrin Preferred Insurance Company","0.0986","1","1","0","2","10.139","137","2015"
"10111","American Bankers Insurance Company of Florida","0.143","1","0","1","2","6.995","138","2015"
"23060","Tri-State Consumer Insurance Company","0.1439","2","4","25","31","13.899","139","2015"
"25232","21st Century Advantage Insurance Company","0.1508","1","0","0","1","6.633","140","2015"
"13242","Titan Indemnity Company","0.1642","1","2","3","6","6.089","141","2015"
"42447","National General Assurance Company","0.1769","1","0","0","1","5.651","142","2015"
"10839","Country-Wide Insurance Company","0.1798","21","48","95","164","116.811","143","2015"
"20230","Central Mutual Insurance Company","0.1837","1","0","0","1","5.443","144","2015"
"19402","AIG Property Casualty Company","0.1919","5","1","5","11","26.058","145","2015"
"29068","IDS Property Casualty Insurance Company","0.2534","3","2","4","9","11.837","146","2015"
"23833","21st Century Security Insurance Company","0.2665","1","2","0","3","3.752","147","2015"
"10072","Encompass Property and Casualty Company","0.2847","1","0","0","1","3.513","148","2015"
"42889","Victoria Fire & Casualty Company","0.5891","2","1","3","6","3.395","149","2015"
"10881","Unitrin Advantage Insurance Company","0.6664","2","1","2","5","3.001","150","2015"
"23760","Nationwide General Insurance Company","0.7495","1","0","0","1","1.334","151","2015"
"27120","Trumbull Insurance Company","0.78","1","0","1","2","1.282","152","2015"
"10921","CSAA Fire & Casualty Insurance Company","0.8476","7","2","4","13","8.259","153","2015"
"38628","Progressive Northern Insurance Company","0.877","2","2","2","6","2.28","154","2015"
"18058","Philadelphia Indemnity Insurance Company","1.2198","5","1","4","10","4.099","155","2015"
"37877","Nationwide Property and Casualty Insurance Company","1.8117","1","0","1","2","0.552","156","2015"
"29459","Twin City Fire Insurance Company","2.2155","3","0","0","3","1.354","157","2015"
"24198","Peerless Insurance Company","10.3314","2","1","1","4","0.194","158","2015"
"24279","Progressive Max Insurance Company","0","0","8","21","29","70.055","1","2014"
"10212","Allmerica Financial Alliance Insurance Company","0","0","0","9","9","47.319","2","2014"
"10052","Chubb National Insurance Company","0","0","0","1","1","37.431","3","2014"
"36137","Travelers Commercial Insurance Company","0","0","0","5","5","27.99","4","2014"
"11185","Foremost Insurance Company Grand Rapids, Michigan","0","0","2","8","10","23.589","5","2014"
"11252","Encompass Home and Auto Insurance Company","0","0","2","2","4","22.545","6","2014"
"38628","Progressive Northern Insurance Company","0","0","3","2","5","21.823","7","2014"
"18279","Bankers Standard Insurance Company","0","0","0","0","0","21.683","8","2014"
"20303","Great Northern Insurance Company","0","0","0","0","0","20.432","9","2014"
"11044","National General Insurance Online, Inc.","0","0","1","3","4","17.221","10","2014"
"16233","Erie Insurance Company of New York","0","0","4","3","7","16.837","11","2014"
"29939","Main Street America Assurance Company","0","0","0","7","7","16.761","12","2014"
"38130","Travelers Personal Insurance Company","0","0","0","0","0","16.253","13","2014"
"37915","Essentia Insurance Company","0","0","0","2","2","14.573","14","2014"
"40649","Economy Premier Assurance Company","0","0","0","0","0","13.632","15","2014"
"33600","LM Insurance Corporation","0","0","1","1","2","12.655","16","2014"
"10071","Encompass Insurance Company of America","0","0","0","4","4","12.27","17","2014"
"19062","Automobile Insurance Company of Hartford, Connecticut","0","0","0","0","0","11.961","18","2014"
"12777","Chubb Indemnity Insurance Company","0","0","1","0","1","11.814","19","2014"
"25232","21st Century Advantage Insurance Company","0","0","3","7","10","11.422","20","2014"
"28188","TravCo Insurance Company","0","0","0","1","1","11.362","21","2014"
"15130","Encompass Indemnity Company","0","0","2","1","3","10.969","22","2014"
"10226","Unitrin Direct Insurance Company","0","0","3","1","4","10.836","23","2014"
"21261","Electric Insurance Company","0","0","0","4","4","9.612","24","2014"
"25682","Travelers Indemnity Company of Connecticut","0","0","1","2","3","9.472","25","2014"
"34460","Maidstone Insurance Company","0","0","1","4","5","9.312","26","2014"
"34479","Maidstone Insurance Company","0","0","1","4","5","9.312","26","2014"
"12873","Privilege Underwriters Reciprocal Exchange","0","0","0","1","1","9.086","27","2014"
"27930","Integon Casualty Insurance Company","0","0","1","4","5","7.116","28","2014"
"42447","National General Assurance Company","0","0","1","6","7","6.793","29","2014"
"37834","Progressive Preferred Insurance Company","0","0","4","1","5","6.765","30","2014"
"10111","American Bankers Insurance Company of Florida","0","0","0","1","1","6.549","31","2014"
"25615","Charter Oak Fire Insurance Company","0","0","0","0","0","6.548","32","2014"
"37877","Nationwide Property and Casualty Insurance Company","0","0","0","0","0","6.367","33","2014"
"43974","21st Century Indemnity Insurance Company","0","0","2","3","5","6.339","34","2014"
"10022","Countryway Insurance Company","0","0","1","0","1","5.937","35","2014"
"20230","Central Mutual Insurance Company","0","0","0","0","0","5.807","36","2014"
"21849","American Automobile Insurance Company","0","0","0","0","0","5.389","37","2014"
"21709","Truck Insurance Exchange","0","0","0","0","0","4.976","38","2014"
"21687","Mid-Century Insurance Company","0","0","0","2","2","4.602","39","2014"
"10072","Encompass Property and Casualty Company","0","0","1","0","1","4.551","40","2014"
"20796","21st Century Premier Insurance Company","0","0","0","4","4","4.262","41","2014"
"21865","Associated Indemnity Corporation","0","0","0","0","0","3.935","42","2014"
"10723","Nationwide Assurance Company","0","0","0","1","1","3.896","43","2014"
"36145","Travelers Personal Security Insurance Company","0","0","0","0","0","3.88","44","2014"
"10881","Unitrin Advantage Insurance Company","0","0","2","4","6","3.835","45","2014"
"20397","Vigilant Insurance Company","0","0","0","0","0","3.481","46","2014"
"42889","Victoria Fire & Casualty Company","0","0","1","4","5","3.265","47","2014"
"23728","National General Insurance Company","0","0","1","0","1","3.092","48","2014"
"40754","Blue Ridge Indemnity Company","0","0","0","1","1","2.974","49","2014"
"22306","Massachusetts Bay Insurance Company","0","0","1","2","3","2.91","50","2014"
"15210","Sterling Insurance Company","0","0","0","0","0","2.757","51","2014"
"29742","Integon National Insurance Company","0","0","0","2","2","2.741","52","2014"
"19070","Standard Fire Insurance Company","0","0","0","1","1","2.731","53","2014"
"10677","Cincinnati Insurance Company","0","0","0","1","1","2.637","54","2014"
"36170","Travelers Casualty Company of Connecticut","0","0","0","0","0","2.589","55","2014"
"21164","Dairyland Insurance Company","0","0","1","0","1","2.386","56","2014"
"41513","Foremost Signature Insurance Company","0","0","1","2","3","2.35","57","2014"
"27120","Trumbull Insurance Company","0","0","1","1","2","2.327","58","2014"
"23450","American Family Home Insurance Company","0","0","0","1","1","2.137","59","2014"
"37770","CSAA General Insurance Company","0","0","0","0","0","2.116","60","2014"
"34690","Property and Casualty Insurance Company of Hartford","0","0","1","0","1","1.94","61","2014"
"35696","Harleysville Preferred Insurance Company","0","0","1","1","2","1.876","62","2014"
"21881","National Surety Corporation","0","0","0","0","0","1.821","63","2014"
"10674","Harleysville Insurance Company of New York","0","0","0","0","0","1.548","64","2014"
"41491","GEICO Casualty Company","0","0","24","47","71","1.456","65","2014"
"20281","Federal Insurance Company","0","0","0","0","0","1.436","66","2014"
"19615","American Reliable Insurance Company","0","0","1","1","2","1.413","67","2014"
"20133","Response Worldwide Direct Auto Insurance Company","0","0","0","0","0","1.333","68","2014"
"21873","Fireman's Fund Insurance Company","0","0","0","1","1","1.166","69","2014"
"22225","21st Century Preferred Insurance Company","0","0","1","0","1","1.095","70","2014"
"23582","Harleysville Insurance Company","0","0","0","0","0","1.067","71","2014"
"14834","New York Central Mutual Fire Insurance Company","0.0039","1","34","62","97","256.985","72","2014"
"22063","Government Employees Insurance Company","0.0108","6","60","60","126","554.002","73","2014"
"23787","Nationwide Mutual Insurance Company","0.011","1","6","16","23","90.605","74","2014"
"22055","GEICO Indemnity Company","0.012","10","110","166","286","830.018","75","2014"
"29424","Hartford Casualty Insurance Company","0.0159","1","6","12","19","62.792","76","2014"
"15024","Preferred Mutual Insurance Company","0.016","1","15","9","25","62.514","77","2014"
"40169","Metropolitan Casualty Insurance Company","0.0213","2","7","15","24","94.098","78","2014"
"32786","Progressive Specialty Insurance Company","0.0226","4","21","28","53","176.699","79","2014"
"35882","GEICO General Insurance Company","0.0228","43","255","333","631","1882.586","80","2014"
"29688","Allstate Fire and Casualty Insurance Company","0.0231","8","8","30","46","346.324","81","2014"
"27998","Travelers Home and Marine Insurance Company","0.0235","7","20","33","60","297.877","82","2014"
"25674","Travelers Property Casualty Company of America","0.0252","2","4","6","12","79.26","83","2014"
"36447","LM General Insurance Company","0.027","4","11","16","31","148.098","84","2014"
"43478","Utica National Insurance Company of Texas","0.0272","1","3","3","7","36.742","85","2014"
"40231","Old Dominion Insurance Company","0.0292","1","3","5","9","34.237","86","2014"
"42919","Progressive Northwestern Insurance Company","0.0298","1","3","5","9","33.519","87","2014"
"24260","Progressive Casualty Insurance Company","0.03","10","39","84","133","333.292","88","2014"
"10914","Kemper Independence Insurance Company","0.0325","2","5","15","22","61.508","89","2014"
"11851","Progressive Advanced Insurance Company","0.0385","6","10","32","48","155.799","90","2014"
"20052","National Liability & Fire Insurance Company","0.039","2","22","25","49","51.301","91","2014"
"12901","Merchants Preferred Insurance Company","0.04","1","6","5","12","25.009","92","2014"
"26263","Erie Insurance Company","0.0405","3","4","13","20","74.103","93","2014"
"25178","State Farm Mutual Automobile Insurance Company","0.0427","54","87","187","328","1264.263","94","2014"
"34339","Metropolitan Group Property and Casualty Insurance Company","0.0439","4","5","14","23","91.135","95","2014"
"25453","Nationwide Insurance Company of America","0.0447","4","0","6","10","89.573","96","2014"
"36587","21st Century National Insurance Company","0.046","1","6","8","15","21.737","97","2014"
"26093","Nationwide Affinity Insurance Company of America","0.0478","5","7","34","46","104.556","98","2014"
"34789","21st Century Centennial Insurance Company","0.0505","1","1","5","7","19.795","99","2014"
"12583","Adirondack Insurance Exchange","0.0514","4","4","12","20","77.762","100","2014"
"25143","State Farm Fire and Casualty Company","0.0561","9","8","36","53","160.309","101","2014"
"30104","Hartford Underwriters Insurance Company","0.0573","3","4","18","25","52.341","102","2014"
"25623","Phoenix Insurance Company","0.0591","1","0","1","2","16.92","103","2014"
"11000","Sentinel Insurance Company, Ltd.","0.0598","1","3","3","7","16.73","104","2014"
"25275","MAPFRE Insurance Company of New York","0.0632","3","6","10","19","47.442","105","2014"
"16063","Unitrin Auto and Home Insurance Company","0.064","1","1","0","2","15.633","106","2014"
"38288","Hartford Insurance Company of Illinois","0.0644","3","8","8","19","46.602","107","2014"
"30210","Esurance Property and Casualty Insurance Company","0.0655","1","1","7","9","15.276","108","2014"
"23035","Liberty Mutual Fire Insurance Company","0.0664","27","54","77","158","406.889","109","2014"
"12130","New South Insurance Company","0.07","6","9","24","39","85.706","110","2014"
"29068","IDS Property Casualty Insurance Company","0.0712","1","6","9","16","14.038","111","2014"
"17230","Allstate Property and Casualty Insurance Company","0.073","30","27","70","127","410.957","112","2014"
"19704","American States Insurance Company","0.0737","6","8","9","23","81.406","113","2014"
"19976","Amica Mutual Insurance Company","0.0747","7","2","16","25","93.744","114","2014"
"25968","USAA Casualty Insurance Company","0.0765","7","13","17","37","91.532","115","2014"
"19232","Allstate Insurance Company","0.0878","76","136","251","463","865.759","116","2014"
"13803","Farm Family Casualty Insurance Company","0.0879","2","4","6","12","22.765","117","2014"
"37478","Hartford Insurance Company of the Midwest","0.0989","2","1","4","7","20.219","118","2014"
"23833","21st Century Security Insurance Company","0.1057","1","4","8","13","9.458","119","2014"
"12504","Ameriprise Insurance Company","0.1061","3","5","19","27","28.288","120","2014"
"18600","USAA General Indemnity Company","0.1069","6","14","16","36","56.145","121","2014"
"21253","Garrison Property and Casualty Insurance Company","0.1105","5","6","14","25","45.23","122","2014"
"14788","NGM Insurance Company","0.1119","1","1","2","4","8.939","123","2014"
"12475","Republic-Franklin Insurance Company","0.1183","1","0","0","1","8.452","124","2014"
"33588","First Liberty Insurance Corporation","0.1261","3","3","7","13","23.795","125","2014"
"11105","A. Central Insurance Company","0.131","4","14","20","38","30.523","126","2014"
"25941","United Services Automobile Association","0.1316","14","13","13","40","106.382","127","2014"
"23060","Tri-State Consumer Insurance Company","0.1354","2","5","27","34","14.774","128","2014"
"11215","SAFECO Insurance Company of Indiana","0.1358","6","1","12","19","44.18","129","2014"
"34460","Maidstone Insurance Company","0.1376","1","7","13","21","7.265","130","2014"
"26298","Metropolitan Property and Casualty Insurance Company","0.1385","1","1","1","3","7.22","131","2014"
"14311","Interboro Insurance Company","0.1389","1","1","8","10","7.198","132","2014"
"25712","Esurance Insurance Company","0.1463","5","4","14","23","34.184","133","2014"
"25909","Unitrin Preferred Insurance Company","0.1479","2","0","1","3","13.524","134","2014"
"11908","Mercury Casualty Company","0.1542","7","24","16","47","45.394","135","2014"
"32220","21st Century North America Insurance Company","0.1558","3","6","6","15","19.253","136","2014"
"25976","Utica Mutual Insurance Company","0.1566","1","0","1","2","6.388","137","2014"
"23469","American Modern Home Insurance Company","0.16","1","0","5","6","6.25","138","2014"
"13242","Titan Indemnity Company","0.1639","1","0","2","3","6.1","139","2014"
"19402","AIG Property Casualty Company","0.1711","4","0","3","7","23.385","140","2014"
"10644","Victoria Automobile Insurance Company","0.1867","1","2","1","4","5.357","141","2014"
"41483","Farmington Casualty Company","0.1879","2","0","8","10","10.644","142","2014"
"16322","Progressive Direct Insurance Company","0.2062","4","9","20","33","19.399","143","2014"
"31534","Citizens Insurance Company of America","0.2235","1","0","1","2","4.474","144","2014"
"10806","Farmers New Century Insurance Company","0.3762","2","1","4","7","5.316","145","2014"
"10921","CSAA Fire & Casualty Insurance Company","0.3798","5","0","7","12","13.164","146","2014"
"42404","Liberty Insurance Corporation","0.3809","2","4","0","6","5.25","147","2014"
"23779","Nationwide Mutual Fire Insurance Company","0.4649","1","2","1","4","2.151","148","2014"
"10839","Country-Wide Insurance Company","0.5109","59","88","180","327","115.482","149","2014"
"10645","Drivers Insurance Company","0.5136","1","1","3","5","1.947","150","2014"
"23647","Ironshore Indemnity Inc.","0.5315","1","1","0","2","1.882","151","2014"
"39217","QBE Insurance Corporation","0.5364","3","9","19","31","5.592","152","2014"
"23760","Nationwide General Insurance Company","0.5906","4","3","1","8","6.773","153","2014"
"19240","Allstate Indemnity Company","0.6104","4","2","4","10","6.553","154","2014"
"26085","Warner Insurance Company","0.6671","1","1","2","4","1.499","155","2014"
"36161","Travelers Property Casualty Insurance Company","0.7006","1","2","7","10","1.427","156","2014"
"25666","Travelers Indemnity Company of America","0.7548","1","2","1","4","1.325","157","2014"
"19682","Hartford Fire Insurance Company","0.8711","3","0","2","5","3.444","158","2014"
"24198","Peerless Insurance Company","0.9597","5","3","4","12","5.21","159","2014"
"25658","Travelers Indemnity Company","1.1243","6","3","6","15","5.337","160","2014"
"22357","Hartford Accident and Indemnity Company","1.291","5","1","3","9","3.873","161","2014"
"18058","Philadelphia Indemnity Insurance Company","1.5302","5","0","3","8","3.268","162","2014"
"24740","SAFECO Insurance Company of America","2.1516","4","0","8","12","1.859","163","2014"
"11738","Infinity Auto Insurance Company","2.6164","1","0","2","3","0.382","164","2014"
"12360","Ocean Harbor Casualty Insurance Company","3.3345","3","1","4","8","0.9","165","2014"
"37648","Permanent General Assurance Corporation","3.3384","5","3","2","10","1.498","166","2014"
"23329","Merchants Mutual Insurance Company","8.6214","2","2","2","6","0.232","167","2014"
"29459","Twin City Fire Insurance Company","19.1109","23","0","0","23","1.204","168","2014"
"23841","New Hampshire Insurance Company","1364.8772","6","1","3","10","0.004","169","2014"
"36447","LM General Insurance Company","0","0","6","3","9","73.566","1","2013"
"26263","Erie Insurance Company","0","0","0","6","6","73.112","2","2013"
"11105","A. Central Insurance Company","0","0","9","14","23","42.694","3","2013"
"40231","Old Dominion Insurance Company","0","0","1","4","5","35.315","4","2013"
"43478","Utica National Insurance Company of Texas","0","0","2","3","5","32.385","5","2013"
"10052","Chubb National Insurance Company","0","0","0","0","0","31.337","6","2013"
"36137","Travelers Commercial Insurance Company","0","0","2","2","4","28.653","7","2013"
"13803","Farm Family Casualty Insurance Company","0","0","2","5","7","23.612","8","2013"
"11000","Sentinel Insurance Company, Ltd.","0","0","2","2","4","23.212","9","2013"
"37834","Progressive Preferred Insurance Company","0","0","1","5","6","22.63","10","2013"
"20303","Great Northern Insurance Company","0","0","1","1","2","22.286","11","2013"
"18279","Bankers Standard Insurance Company","0","0","0","1","1","21.239","12","2013"
"36587","21st Century National Insurance Company","0","0","1","5","6","19.739","13","2013"
"29939","Main Street America Assurance Company","0","0","2","0","2","19.539","14","2013"
"25623","Phoenix Insurance Company","0","0","0","3","3","19.53","15","2013"
"11252","Encompass Home and Auto Insurance Company","0","0","1","0","1","19.379","16","2013"
"25232","21st Century Advantage Insurance Company","0","0","0","5","5","15.364","17","2013"
"40649","Economy Premier Assurance Company","0","0","0","0","0","14.788","18","2013"
"37915","Essentia Insurance Company","0","0","0","0","0","14.006","19","2013"
"10071","Encompass Insurance Company of America","0","0","4","4","8","13.661","20","2013"
"19062","Automobile Insurance Company of Hartford, Connecticut","0","0","0","0","0","13.638","21","2013"
"12777","Chubb Indemnity Insurance Company","0","0","1","2","3","13.339","22","2013"
"28188","TravCo Insurance Company","0","0","0","0","0","13.107","23","2013"
"23833","21st Century Security Insurance Company","0","0","2","3","5","11.952","24","2013"
"25682","Travelers Indemnity Company of Connecticut","0","0","0","1","1","10.923","25","2013"
"21261","Electric Insurance Company","0","0","0","1","1","9.574","26","2013"
"12475","Republic-Franklin Insurance Company","0","0","0","0","0","9.026","27","2013"
"43974","21st Century Indemnity Insurance Company","0","0","4","2","6","7.936","28","2013"
"42404","Liberty Insurance Corporation","0","0","0","1","1","7.749","29","2013"
"33600","LM Insurance Corporation","0","0","0","1","1","7.723","30","2013"
"25615","Charter Oak Fire Insurance Company","0","0","0","0","0","7.517","31","2013"
"42447","National General Assurance Company","0","0","1","0","1","7.447","32","2013"
"37877","Nationwide Property and Casualty Insurance Company","0","0","1","0","1","7.21","33","2013"
"12873","Privilege Underwriters Reciprocal Exchange","0","0","0","0","0","7.122","34","2013"
"21709","Truck Insurance Exchange","0","0","1","1","2","7.063","35","2013"
"30210","Esurance Property and Casualty Insurance Company","0","0","1","4","5","7.003","36","2013"
"10806","Farmers New Century Insurance Company","0","0","1","2","3","6.964","37","2013"
"23469","American Modern Home Insurance Company","0","0","1","1","2","6.213","38","2013"
"34479","Maidstone Insurance Company","0","0","0","2","2","5.958","39","2013"
"10111","American Bankers Insurance Company of Florida","0","0","0","3","3","5.871","40","2013"
"16233","Erie Insurance Company of New York","0","0","2","2","4","5.745","41","2013"
"20230","Central Mutual Insurance Company","0","0","0","0","0","5.671","42","2013"
"31534","Citizens Insurance Company of America","0","0","1","1","2","5.589","43","2013"
"14311","Interboro Insurance Company","0","0","1","8","9","5.325","44","2013"
"13242","Titan Indemnity Company","0","0","0","4","4","5.276","45","2013"
"10022","Countryway Insurance Company","0","0","0","1","1","5.13","46","2013"
"21849","American Automobile Insurance Company","0","0","0","0","0","5.103","47","2013"
"10072","Encompass Property and Casualty Company","0","0","0","0","0","4.958","48","2013"
"10881","Unitrin Advantage Insurance Company","0","0","1","1","2","4.822","49","2013"
"10226","Unitrin Direct Insurance Company","0","0","0","0","0","4.688","50","2013"
"26298","Metropolitan Property and Casualty Insurance Company","0","0","0","2","2","4.502","51","2013"
"21865","Associated Indemnity Corporation","0","0","0","0","0","4.171","52","2013"
"27930","Integon Casualty Insurance Company","0","0","0","0","0","4.1","53","2013"
"20397","Vigilant Insurance Company","0","0","0","1","1","3.849","54","2013"
"20133","Response Worldwide Direct Auto Insurance Company","0","0","1","0","1","3.769","55","2013"
"22306","Massachusetts Bay Insurance Company","0","0","0","1","1","3.746","56","2013"
"10644","Victoria Automobile Insurance Company","0","0","0","0","0","3.452","57","2013"
"10645","Drivers Insurance Company","0","0","0","4","4","3.286","58","2013"
"23779","Nationwide Mutual Fire Insurance Company","0","0","0","7","7","3.264","59","2013"
"10723","Nationwide Assurance Company","0","0","0","1","1","3.243","60","2013"
"40754","Blue Ridge Indemnity Company","0","0","0","0","0","3.21","61","2013"
"19070","Standard Fire Insurance Company","0","0","0","0","0","3.163","62","2013"
"36170","Travelers Casualty Company of Connecticut","0","0","0","1","1","2.949","63","2013"
"18058","Philadelphia Indemnity Insurance Company","0","0","1","1","2","2.888","64","2013"
"41513","Foremost Signature Insurance Company","0","0","0","1","1","2.744","65","2013"
"26050","Response Worldwide Insurance Company","0","0","2","0","2","2.736","66","2013"
"15210","Sterling Insurance Company","0","0","0","0","0","2.629","67","2013"
"43044","Response Insurance Company","0","0","0","0","0","2.545","68","2013"
"21164","Dairyland Insurance Company","0","0","2","1","3","2.32","69","2013"
"34690","Property and Casualty Insurance Company of Hartford","0","0","0","1","1","2.161","70","2013"
"39004","Kemper Financial Indemnity Company","0","0","1","1","2","2.008","71","2013"
"10674","Harleysville Insurance Company of New York","0","0","0","0","0","1.944","72","2013"
"23647","Ironshore Indemnity Inc.","0","0","0","0","0","1.785","73","2013"
"21881","National Surety Corporation","0","0","0","0","0","1.705","74","2013"
"35696","Harleysville Preferred Insurance Company","0","0","0","0","0","1.628","75","2013"
"20281","Federal Insurance Company","0","0","0","0","0","1.572","76","2013"
"19615","American Reliable Insurance Company","0","0","0","0","0","1.556","77","2013"
"42889","Victoria Fire & Casualty Company","0","0","0","1","1","1.556","78","2013"
"25666","Travelers Indemnity Company of America","0","0","0","0","0","1.499","79","2013"
"12360","Ocean Harbor Casualty Insurance Company","0","0","1","6","7","1.376","80","2013"
"21873","Fireman's Fund Insurance Company","0","0","0","1","1","1.252","81","2013"
"37257","Praetorian Insurance Company","0","0","0","0","0","1.232","82","2013"
"31488","Integon Preferred Insurance Company","0","0","0","0","0","1.192","83","2013"
"20346","Pacific Indemnity Company","0","0","0","0","0","1.058","84","2013"
"14834","New York Central Mutual Fire Insurance Company","0.004","1","16","49","66","250.746","85","2013"
"22055","GEICO Indemnity Company","0.0052","4","71","110","185","770.835","86","2013"
"12130","New South Insurance Company","0.0087","1","7","18","26","115.334","87","2013"
"35882","GEICO General Insurance Company","0.0103","18","204","269","491","1751.86","88","2013"
"25674","Travelers Property Casualty Company of America","0.0108","1","5","9","15","92.429","89","2013"
"22063","Government Employees Insurance Company","0.0129","7","41","62","110","542.812","90","2013"
"10914","Kemper Independence Insurance Company","0.0152","1","5","9","15","65.827","91","2013"
"38628","Progressive Northern Insurance Company","0.0156","1","4","11","16","64.284","92","2013"
"29688","Allstate Fire and Casualty Insurance Company","0.0162","3","2","4","9","184.9","93","2013"
"11851","Progressive Advanced Insurance Company","0.0178","2","2","14","18","112.326","94","2013"
"40169","Metropolitan Casualty Insurance Company","0.0184","2","7","8","17","108.901","95","2013"
"32786","Progressive Specialty Insurance Company","0.0193","3","8","14","25","155.588","96","2013"
"27998","Travelers Home and Marine Insurance Company","0.0195","6","11","19","36","308.396","97","2013"
"23787","Nationwide Mutual Insurance Company","0.0209","2","3","14","19","95.876","98","2013"
"10212","Allmerica Financial Alliance Insurance Company","0.022","1","3","3","7","45.4","99","2013"
"25178","State Farm Mutual Automobile Insurance Company","0.025","30","64","99","193","1200.401","100","2013"
"12583","Adirondack Insurance Exchange","0.0262","2","8","10","20","76.406","101","2013"
"42919","Progressive Northwestern Insurance Company","0.0266","1","1","6","8","37.656","102","2013"
"17230","Allstate Property and Casualty Insurance Company","0.0292","15","26","47","88","514.199","103","2013"
"25712","Esurance Insurance Company","0.0296","1","5","16","22","33.741","104","2013"
"19976","Amica Mutual Insurance Company","0.031","3","7","7","17","96.903","105","2013"
"25453","Nationwide Insurance Company of America","0.0311","3","4","6","13","96.593","106","2013"
"29424","Hartford Casualty Insurance Company","0.0321","2","1","7","10","62.286","107","2013"
"34339","Metropolitan Group Property and Casualty Insurance Company","0.0341","3","2","11","16","87.984","108","2013"
"25143","State Farm Fire and Casualty Company","0.0381","6","3","22","31","157.666","109","2013"
"23035","Liberty Mutual Fire Insurance Company","0.0388","18","52","75","145","464.434","110","2013"
"12504","Ameriprise Insurance Company","0.0405","1","5","16","22","24.67","111","2013"
"30104","Hartford Underwriters Insurance Company","0.042","2","2","12","16","47.58","112","2013"
"37478","Hartford Insurance Company of the Midwest","0.0435","1","0","5","6","22.968","113","2013"
"15024","Preferred Mutual Insurance Company","0.0485","3","22","12","37","61.879","114","2013"
"24260","Progressive Casualty Insurance Company","0.0509","12","12","35","59","235.566","115","2013"
"26093","Nationwide Affinity Insurance Company of America","0.0513","4","4","11","19","77.961","116","2013"
"38288","Hartford Insurance Company of Illinois","0.057","3","8","9","20","52.65","117","2013"
"25909","Unitrin Preferred Insurance Company","0.0649","1","1","2","4","15.406","118","2013"
"12901","Merchants Preferred Insurance Company","0.0707","2","3","6","11","28.298","119","2013"
"25968","USAA Casualty Insurance Company","0.071","6","5","9","20","84.558","120","2013"
"24279","Progressive Max Insurance Company","0.072","4","2","6","12","55.575","121","2013"
"20052","National Liability & Fire Insurance Company","0.0726","3","12","19","34","41.348","122","2013"
"33588","First Liberty Insurance Corporation","0.073","2","5","4","11","27.395","123","2013"
"34460","AutoOne Insurance Company","0.076","1","1","9","11","13.164","124","2013"
"15130","Encompass Indemnity Company","0.0787","1","1","0","2","12.708","125","2013"
"19232","Allstate Insurance Company","0.0788","75","100","188","363","952.202","126","2013"
"23760","Nationwide General Insurance Company","0.0798","1","2","15","18","12.525","127","2013"
"11185","Foremost Insurance Company Grand Rapids, Michigan","0.0817","2","5","4","11","24.494","128","2013"
"41483","Farmington Casualty Company","0.0853","2","1","7","10","23.443","129","2013"
"11215","SAFECO Insurance Company of Indiana","0.0863","2","0","0","2","23.188","130","2013"
"32220","21st Century North America Insurance Company","0.0915","2","3","5","10","21.87","131","2013"
"19402","AIG Property Casualty Company","0.0918","2","0","0","2","21.795","132","2013"
"14788","NGM Insurance Company","0.0952","1","2","1","4","10.502","133","2013"
"11908","Mercury Casualty Company","0.1001","4","4","14","22","39.942","134","2013"
"16322","Progressive Direct Insurance Company","0.1071","4","3","21","28","37.353","135","2013"
"16063","Unitrin Auto and Home Insurance Company","0.1086","2","0","3","5","18.41","136","2013"
"25941","United Services Automobile Association","0.11","11","12","5","28","100.038","137","2013"
"25275","MAPFRE Insurance Company of New York","0.1198","5","2","6","13","41.72","138","2013"
"29068","IDS Property Casualty Insurance Company","0.1298","2","3","5","10","15.403","139","2013"
"23060","Tri-State Consumer Insurance Company","0.131","2","7","33","42","15.262","140","2013"
"21253","Garrison Property and Casualty Insurance Company","0.132","5","1","5","11","37.884","141","2013"
"34789","21st Century Centennial Insurance Company","0.1479","2","3","5","10","13.526","142","2013"
"19704","American States Insurance Company","0.1512","10","4","10","24","66.122","143","2013"
"25976","Utica Mutual Insurance Company","0.1646","1","1","6","8","6.077","144","2013"
"19240","Allstate Indemnity Company","0.1802","1","1","3","5","5.551","145","2013"
"18600","USAA General Indemnity Company","0.1973","8","3","11","22","40.545","146","2013"
"20796","21st Century Premier Insurance Company","0.2008","1","1","0","2","4.979","147","2013"
"22357","Hartford Accident and Indemnity Company","0.2144","1","2","1","4","4.664","148","2013"
"25658","Travelers Indemnity Company","0.2159","1","1","3","5","4.632","149","2013"
"26085","Warner Insurance Company","0.2166","1","0","0","1","4.618","150","2013"
"10921","CSAA Fire & Casualty Insurance Company","0.2239","3","1","6","10","13.401","151","2013"
"24198","Peerless Insurance Company","0.2399","9","9","10","28","37.51","152","2013"
"11037","Eveready Insurance Company","0.2689","4","5","13","22","14.873","153","2013"
"23728","National General Insurance Company","0.2752","1","1","0","2","3.633","154","2013"
"29742","Integon National Insurance Company","0.3591","1","0","1","2","2.785","155","2013"
"23450","American Family Home Insurance Company","0.4048","1","0","0","1","2.471","156","2013"
"27120","Trumbull Insurance Company","0.5618","2","0","3","5","3.56","157","2013"
"41491","GEICO Casualty Company","0.6087","1","10","30","41","1.643","158","2013"
"22225","21st Century Preferred Insurance Company","0.7819","1","0","0","1","1.279","159","2013"
"10839","Country-Wide Insurance Company","0.8251","99","61","218","378","119.982","160","2013"
"10677","Cincinnati Insurance Company","0.8773","1","0","0","1","1.14","161","2013"
"24740","SAFECO Insurance Company of America","0.92","2","2","5","9","2.174","162","2013"
"39217","QBE Insurance Corporation","0.9724","8","6","19","33","8.227","163","2013"
"22268","Infinity Insurance Company","1.1638","1","1","2","4","0.859","164","2013"
"19941","American Commerce Insurance Company","1.4833","5","6","10","21","3.371","165","2013"
"19682","Hartford Fire Insurance Company","1.7431","7","0","2","9","4.016","166","2013"
"36161","Travelers Property Casualty Insurance Company","1.8677","3","1","3","7","1.606","167","2013"
"22292","Hanover Insurance Company","3.0327","3","0","3","6","0.989","168","2013"
"23329","Merchants Mutual Insurance Company","4.1066","1","2","3","6","0.244","169","2013"
"37648","Permanent General Assurance Corporation","5.2193","20","1","10","31","3.832","170","2013"
"29459","Twin City Fire Insurance Company","10.155","16","0","0","16","1.576","171","2013"
"11851","Progressive Advanced Insurance Company","0","0","12","17","29","88.401","1","2012"
"26263","Erie Insurance Company","0","0","6","8","14","70.219","2","2012"
"10212","Allmerica Financial Alliance Insurance Company","0","0","2","5","7","44.371","3","2012"
"42919","Progressive Northwestern Insurance Company","0","0","2","6","8","41.146","4","2012"
"40231","Old Dominion Insurance Company","0","0","1","2","3","32.641","5","2012"
"11000","Sentinel Insurance Company, Ltd.","0","0","2","3","5","32.365","6","2012"
"12901","Merchants Preferred Insurance Company","0","0","5","5","10","28.718","7","2012"
"33588","First Liberty Insurance Corporation","0","0","2","3","5","28.009","8","2012"
"36137","Travelers Commercial Insurance Company","0","0","3","2","5","26.112","9","2012"
"20303","Great Northern Insurance Company","0","0","0","0","0","24.841","10","2012"
"32220","21st Century North America Insurance Company","0","0","2","2","4","24.52","11","2012"
"10052","Chubb National Insurance Company","0","0","0","1","1","24.117","12","2012"
"29939","Main Street America Assurance Company","0","0","3","3","6","22.941","13","2012"
"41483","Farmington Casualty Company","0","0","3","3","6","21.781","14","2012"
"16063","Unitrin Auto and Home Insurance Company","0","0","3","4","7","21.203","15","2012"
"18279","Bankers Standard Insurance Company","0","0","1","1","2","20.538","16","2012"
"12504","Ameriprise Insurance Company","0","0","1","7","8","18.518","17","2012"
"36447","LM General Insurance Company","0","0","0","0","0","17.806","18","2012"
"25909","Unitrin Preferred Insurance Company","0","0","0","3","3","17.489","19","2012"
"29068","IDS Property Casualty Insurance Company","0","0","1","2","3","16.848","20","2012"
"40649","Economy Premier Assurance Company","0","0","0","1","1","16.038","21","2012"
"10071","Encompass Insurance Company of America","0","0","4","0","4","15.994","22","2012"
"19062","Automobile Insurance Company of Hartford, Connecticut","0","0","0","2","2","15.794","23","2012"
"28188","TravCo Insurance Company","0","0","0","1","1","15.235","24","2012"
"12777","Chubb Indemnity Insurance Company","0","0","1","2","3","15.102","25","2012"
"37915","Essentia Insurance Company","0","0","0","2","2","13.289","26","2012"
"10921","CSAA Fire & Casualty Insurance Company","0","0","5","0","5","12.762","27","2012"
"25682","Travelers Indemnity Company of Connecticut","0","0","0","3","3","12.626","28","2012"
"43974","21st Century Indemnity Insurance Company","0","0","1","1","2","10.009","29","2012"
"12475","Republic-Franklin Insurance Company","0","0","2","1","3","9.363","30","2012"
"19410","Commerce and Industry Insurance Company","0","0","2","2","4","9.298","31","2012"
"10806","Farmers New Century Insurance Company","0","0","2","1","3","9.106","32","2012"
"36587","21st Century National Insurance Company","0","0","0","2","2","8.897","33","2012"
"25615","Charter Oak Fire Insurance Company","0","0","1","2","3","8.715","34","2012"
"26085","Warner Insurance Company","0","0","1","0","1","7.154","35","2012"
"37877","Nationwide Property and Casualty Insurance Company","0","0","0","1","1","7.106","36","2012"
"23833","21st Century Security Insurance Company","0","0","0","2","2","7.047","37","2012"
"31534","Citizens Insurance Company of America","0","0","0","1","1","6.869","38","2012"
"23469","American Modern Home Insurance Company","0","0","0","2","2","6.501","39","2012"
"25976","Utica Mutual Insurance Company","0","0","1","2","3","6.118","40","2012"
"12873","Privilege Underwriters Reciprocal Exchange","0","0","0","0","0","5.698","41","2012"
"10072","Encompass Property and Casualty Company","0","0","1","2","3","5.599","42","2012"
"20230","Central Mutual Insurance Company","0","0","0","0","0","5.446","43","2012"
"23779","Nationwide Mutual Fire Insurance Company","0","0","4","4","8","5.383","44","2012"
"20133","Response Worldwide Direct Auto Insurance Company","0","0","0","2","2","5.197","45","2012"
"19682","Hartford Fire Insurance Company","0","0","0","5","5","4.687","46","2012"
"22306","Massachusetts Bay Insurance Company","0","0","1","1","2","4.671","47","2012"
"21849","American Automobile Insurance Company","0","0","0","1","1","4.607","48","2012"
"41513","Foremost Signature Insurance Company","0","0","1","1","2","4.557","49","2012"
"21865","Associated Indemnity Corporation","0","0","0","0","0","4.507","50","2012"
"26050","Response Worldwide Insurance Company","0","0","0","0","0","4.311","51","2012"
"20397","Vigilant Insurance Company","0","0","0","0","0","4.307","52","2012"
"23728","National General Insurance Company","0","0","0","0","0","4.247","53","2012"
"13242","Titan Indemnity Company","0","0","0","3","3","4.141","54","2012"
"19070","Standard Fire Insurance Company","0","0","0","0","0","3.729","55","2012"
"40754","Blue Ridge Indemnity Company","0","0","0","0","0","3.504","56","2012"
"36170","Travelers Casualty Company of Connecticut","0","0","0","1","1","3.386","57","2012"
"27120","Trumbull Insurance Company","0","0","0","1","1","3.33","58","2012"
"10645","Drivers Insurance Company","0","0","0","0","0","3.165","59","2012"
"10226","Unitrin Direct Insurance Company","0","0","1","3","4","3.098","60","2012"
"26298","Metropolitan Property and Casualty Insurance Company","0","0","0","0","0","3.084","61","2012"
"39004","Kemper Financial Indemnity Company","0","0","0","0","0","3.043","62","2012"
"23450","American Family Home Insurance Company","0","0","0","0","0","2.845","63","2012"
"18058","Philadelphia Indemnity Insurance Company","0","0","1","2","3","2.705","64","2012"
"15210","Sterling Insurance Company","0","0","0","0","0","2.441","65","2012"
"34690","Property and Casualty Insurance Company of Hartford","0","0","1","2","3","2.367","66","2012"
"34479","Maidstone Insurance Company","0","0","0","0","0","2.336","67","2012"
"10674","Harleysville Insurance Company of New York","0","0","0","0","0","2.332","68","2012"
"33600","LM Insurance Corporation","0","0","1","0","1","2.253","69","2012"
"10723","Nationwide Assurance Company","0","0","0","1","1","2.144","70","2012"
"36161","Travelers Property Casualty Insurance Company","0","0","3","5","8","1.87","71","2012"
"21881","National Surety Corporation","0","0","1","0","1","1.706","72","2012"
"20281","Federal Insurance Company","0","0","1","2","3","1.701","73","2012"
"30210","Esurance Property and Casualty Insurance Company","0","0","0","2","2","1.679","74","2012"
"31488","Integon Preferred Insurance Company","0","0","0","0","0","1.47","75","2012"
"41491","GEICO Casualty Company","0","0","8","13","21","1.433","76","2012"
"22225","21st Century Preferred Insurance Company","0","0","0","1","1","1.424","77","2012"
"21873","Fireman's Fund Insurance Company","0","0","0","0","0","1.412","78","2012"
"19615","American Reliable Insurance Company","0","0","0","1","1","1.3","79","2012"
"10644","Victoria Automobile Insurance Company","0","0","0","0","0","1.197","80","2012"
"20346","Pacific Indemnity Company","0","0","0","0","0","1.124","81","2012"
"10915","Unitrin Direct Property & Casualty Company","0","0","2","1","3","1.098","82","2012"
"35696","Harleysville Preferred Insurance Company","0","0","0","0","0","1.053","83","2012"
"35882","GEICO General Insurance Company","0.0076","12","184","258","454","1570.816","84","2012"
"12130","New South Insurance Company","0.0083","1","8","25","34","120.453","85","2012"
"22063","Government Employees Insurance Company","0.0095","5","50","63","118","526.816","86","2012"
"25453","Nationwide Insurance Company of America","0.0101","1","4","18","23","99.462","87","2012"
"38628","Progressive Northern Insurance Company","0.0101","1","5","11","17","99.134","88","2012"
"19976","Amica Mutual Insurance Company","0.0106","1","2","6","9","94.202","89","2012"
"22055","GEICO Indemnity Company","0.0114","8","83","126","217","702.861","90","2012"
"14834","New York Central Mutual Fire Insurance Company","0.0124","3","17","39","59","241.169","91","2012"
"25968","USAA Casualty Insurance Company","0.013","1","11","22","34","77.033","92","2012"
"24260","Progressive Casualty Insurance Company","0.0131","2","9","42","53","152.186","93","2012"
"32786","Progressive Specialty Insurance Company","0.016","2","4","20","26","125.251","94","2012"
"10914","Kemper Independence Insurance Company","0.016","1","3","9","13","62.623","95","2012"
"40169","Metropolitan Casualty Insurance Company","0.0163","2","8","8","18","122.95","96","2012"
"16322","Progressive Direct Insurance Company","0.0184","1","12","17","30","54.252","97","2012"
"29688","Allstate Fire and Casualty Insurance Company","0.0194","1","1","6","8","51.549","98","2012"
"23787","Nationwide Mutual Insurance Company","0.0195","2","4","8","14","102.424","99","2012"
"24279","Progressive Max Insurance Company","0.0213","1","2","6","9","46.989","100","2012"
"26093","Nationwide Affinity Insurance Company of America","0.0235","1","6","7","14","42.548","101","2012"
"25178","State Farm Mutual Automobile Insurance Company","0.0244","28","92","133","253","1149.201","102","2012"
"37834","Progressive Preferred Insurance Company","0.0264","1","2","6","9","37.863","103","2012"
"25674","Travelers Property Casualty Company of America","0.0273","3","5","14","22","109.778","104","2012"
"12583","Adirondack Insurance Exchange","0.0274","2","7","8","17","73.04","105","2012"
"23035","Liberty Mutual Fire Insurance Company","0.0281","14","50","64","128","498.127","106","2012"
"11908","Mercury Casualty Company","0.0283","1","5","18","24","35.348","107","2012"
"27998","Travelers Home and Marine Insurance Company","0.0311","9","13","24","46","289.359","108","2012"
"43478","Utica National Insurance Company of Texas","0.0336","1","5","2","8","29.727","109","2012"
"15024","Preferred Mutual Insurance Company","0.0338","2","4","11","17","59.157","110","2012"
"25275","MAPFRE Insurance Company of New York","0.0342","1","0","5","6","29.266","111","2012"
"11105","A. Central Insurance Company","0.0371","2","17","27","46","53.907","112","2012"
"37478","Hartford Insurance Company of the Midwest","0.0387","1","1","4","6","25.834","113","2012"
"29424","Hartford Casualty Insurance Company","0.0392","2","3","7","12","51.041","114","2012"
"11185","Foremost Insurance Company Grand Rapids, Michigan","0.0397","1","2","12","15","25.181","115","2012"
"25143","State Farm Fire and Casualty Company","0.042","7","10","26","43","166.654","116","2012"
"13803","Farm Family Casualty Insurance Company","0.0421","1","2","2","5","23.749","117","2012"
"25941","United Services Automobile Association","0.0422","4","10","12","26","94.678","118","2012"
"25623","Phoenix Insurance Company","0.0442","1","0","2","3","22.611","119","2012"
"17230","Allstate Property and Casualty Insurance Company","0.0459","29","31","83","143","631.429","120","2012"
"34339","Metropolitan Group Property and Casualty Insurance Company","0.0475","4","4","13","21","84.126","121","2012"
"20052","National Liability & Fire Insurance Company","0.0489","3","13","28","44","61.342","122","2012"
"25232","21st Century Advantage Insurance Company","0.0511","1","2","11","14","19.568","123","2012"
"11037","Eveready Insurance Company","0.0524","1","5","22","28","19.09","124","2012"
"19704","American States Insurance Company","0.0619","3","3","11","17","48.469","125","2012"
"11252","Encompass Home and Auto Insurance Company","0.067","1","1","1","3","14.928","126","2012"
"21253","Garrison Property and Casualty Insurance Company","0.0718","2","2","11","15","27.864","127","2012"
"30104","Hartford Underwriters Insurance Company","0.0768","3","3","9","15","39.064","128","2012"
"38288","Hartford Insurance Company of Illinois","0.0851","5","7","21","33","58.737","129","2012"
"34460","AutoOne Insurance Company","0.0871","2","6","13","21","22.966","130","2012"
"19402","AIG Property Casualty Company","0.0923","1","0","0","1","10.84","131","2012"
"42404","Liberty Insurance Corporation","0.0949","1","2","1","4","10.533","132","2012"
"23760","Nationwide General Insurance Company","0.096","2","7","18","27","20.834","133","2012"
"34789","21st Century Centennial Insurance Company","0.1","1","2","5","8","10.002","134","2012"
"25712","Esurance Insurance Company","0.1016","4","3","11","18","39.353","135","2012"
"21261","Electric Insurance Company","0.102","1","0","1","2","9.803","136","2012"
"19232","Allstate Insurance Company","0.1107","116","203","297","616","1047.68","137","2012"
"24198","Peerless Insurance Company","0.1148","8","3","11","22","69.677","138","2012"
"14311","Interboro Insurance Company","0.1189","1","1","9","11","8.411","139","2012"
"23060","Tri-State Consumer Insurance Company","0.1229","2","8","45","55","16.268","140","2012"
"15130","Encompass Indemnity Company","0.1324","2","1","2","5","15.101","141","2012"
"19941","American Commerce Insurance Company","0.133","3","5","18","26","22.558","142","2012"
"14788","NGM Insurance Company","0.1666","2","3","4","9","12.005","143","2012"
"20796","21st Century Premier Insurance Company","0.1764","1","0","0","1","5.668","144","2012"
"22357","Hartford Accident and Indemnity Company","0.1788","1","1","4","6","5.592","145","2012"
"10881","Unitrin Advantage Insurance Company","0.1802","1","2","3","6","5.548","146","2012"
"10111","American Bankers Insurance Company of Florida","0.1828","1","0","0","1","5.47","147","2012"
"21709","Truck Insurance Exchange","0.1903","2","2","2","6","10.508","148","2012"
"18600","USAA General Indemnity Company","0.2078","6","6","11","23","28.881","149","2012"
"10022","Countryway Insurance Company","0.2416","1","1","0","2","4.139","150","2012"
"42447","National General Assurance Company","0.2766","2","1","3","6","7.232","151","2012"
"43044","Response Insurance Company","0.2778","1","0","2","3","3.599","152","2012"
"29742","Integon National Insurance Company","0.3672","1","1","1","3","2.723","153","2012"
"24740","SAFECO Insurance Company of America","0.3912","1","1","6","8","2.556","154","2012"
"21164","Dairyland Insurance Company","0.4304","1","1","5","7","2.323","155","2012"
"25658","Travelers Indemnity Company","0.4957","2","5","11","18","4.035","156","2012"
"19240","Allstate Indemnity Company","0.505","3","0","1","4","5.94","157","2012"
"10839","Country-Wide Insurance Company","0.5294","67","96","361","524","126.558","158","2012"
"25666","Travelers Indemnity Company of America","0.5822","1","0","0","1","1.718","159","2012"
"11215","SAFECO Insurance Company of Indiana","0.752","3","2","1","6","3.989","160","2012"
"23647","Ironshore Indemnity Inc.","0.7552","1","0","0","1","1.324","161","2012"
"39217","QBE Insurance Corporation","0.9347","11","7","36","54","11.768","162","2012"
"22268","Infinity Insurance Company","1.1494","1","0","2","3","0.87","163","2012"
"37648","Permanent General Assurance Corporation","1.3027","11","4","21","36","8.444","164","2012"
"11738","Infinity Auto Insurance Company","1.4244","1","0","2","3","0.702","165","2012"
"22292","Hanover Insurance Company","1.523","2","3","3","8","1.313","166","2012"
"12360","Ocean Harbor Casualty Insurance Company","1.9722","4","2","15","21","2.028","167","2012"
"29459","Twin City Fire Insurance Company","3.1233","3","0","0","3","0.961","168","2012"
"23329","Merchants Mutual Insurance Company","4.1535","1","4","3","8","0.241","169","2012"
"32620","National Interstate Insurance Company","7.0636","1","0","0","1","0.142","170","2012"
"19445","National Union Fire Insurance Company of Pittsburgh, Pa.","15.2014","2","0","2","4","0.132","171","2012"
"12963","21st Century Insurance Company","22.5286","1","0","7","8","0.044","172","2012"
"10914","Kemper Independence Insurance Company","0","0","10","4","14","55.999","1","2011"
"42919","Progressive Northwestern Insurance Company","0","0","3","4","7","43.555","2","2011"
"20303","Great Northern Insurance Company","0","0","1","1","2","28.317","3","2011"
"12901","Merchants Preferred Insurance Company","0","0","3","9","12","27.237","4","2011"
"29939","Main Street America Assurance Company","0","0","2","6","8","27.202","5","2011"
"16063","Unitrin Auto and Home Insurance Company","0","0","2","5","7","25.004","6","2011"
"43478","Utica National Insurance Company of Texas","0","0","4","5","9","23.915","7","2011"
"40231","Old Dominion Insurance Company","0","0","0","2","2","23.072","8","2011"
"15130","Encompass Indemnity Company","0","0","3","3","6","20.229","9","2011"
"25909","Unitrin Preferred Insurance Company","0","0","3","2","5","20.213","10","2011"
"19410","Commerce and Industry Insurance Company","0","0","0","3","3","19.84","11","2011"
"10071","Encompass Insurance Company of America","0","0","2","8","10","19.471","12","2011"
"19062","Automobile Insurance Company of Hartford, Connecticut","0","0","1","3","4","19.342","13","2011"
"28188","TravCo Insurance Company","0","0","1","1","2","18.538","14","2011"
"11185","Foremost Insurance Company Grand Rapids, Michigan","0","0","1","6","7","18.442","15","2011"
"40649","Economy Premier Assurance Company","0","0","3","0","3","17.655","16","2011"
"18279","Bankers Standard Insurance Company","0","0","0","0","0","17.625","17","2011"
"25682","Travelers Indemnity Company of Connecticut","0","0","2","6","8","15.475","18","2011"
"43974","21st Century Indemnity Insurance Company","0","0","2","2","4","12.988","19","2011"
"26093","Nationwide Affinity Insurance Company of America","0","0","2","1","3","11.736","20","2011"
"12504","Ameriprise Insurance Company","0","0","2","1","3","10.949","21","2011"
"25615","Charter Oak Fire Insurance Company","0","0","1","1","2","10.614","22","2011"
"11252","Encompass Home and Auto Insurance Company","0","0","1","2","3","10.509","23","2011"
"21261","Electric Insurance Company","0","0","0","2","2","10.422","24","2011"
"23779","Nationwide Mutual Fire Insurance Company","0","0","4","5","9","10.358","25","2011"
"12475","Republic-Franklin Insurance Company","0","0","0","1","1","10.231","26","2011"
"31534","Citizens Insurance Company of America","0","0","0","0","0","8.296","27","2011"
"23469","American Modern Home Insurance Company","0","0","0","0","0","7.334","28","2011"
"22357","Hartford Accident and Indemnity Company","0","0","3","3","6","6.994","29","2011"
"10072","Encompass Property and Casualty Company","0","0","0","0","0","6.741","30","2011"
"20796","21st Century Premier Insurance Company","0","0","0","0","0","6.598","31","2011"
"37877","Nationwide Property and Casualty Insurance Company","0","0","0","0","0","6.512","32","2011"
"22306","Massachusetts Bay Insurance Company","0","0","1","0","1","5.786","33","2011"
"10881","Unitrin Advantage Insurance Company","0","0","0","2","2","5.696","34","2011"
"20230","Central Mutual Insurance Company","0","0","0","1","1","5.365","35","2011"
"21865","Associated Indemnity Corporation","0","0","0","0","0","5.254","36","2011"
"26050","Response Worldwide Insurance Company","0","0","1","1","2","5.171","37","2011"
"10111","American Bankers Insurance Company of Florida","0","0","0","1","1","5.153","38","2011"
"23728","National General Insurance Company","0","0","0","1","1","5.11","39","2011"
"20397","Vigilant Insurance Company","0","0","0","2","2","4.924","40","2011"
"19070","Standard Fire Insurance Company","0","0","0","0","0","4.623","41","2011"
"21849","American Automobile Insurance Company","0","0","0","2","2","4.481","42","2011"
"12873","Privilege Underwriters Reciprocal Exchange","0","0","0","0","0","4.467","43","2011"
"43044","Response Insurance Company","0","0","0","0","0","4.301","44","2011"
"40754","Blue Ridge Indemnity Company","0","0","2","0","2","3.84","45","2011"
"41513","Foremost Signature Insurance Company","0","0","0","2","2","3.531","46","2011"
"39004","Kemper Financial Indemnity Company","0","0","0","2","2","3.401","47","2011"
"23450","American Family Home Insurance Company","0","0","0","0","0","3.124","48","2011"
"10674","Harleysville Insurance Company of New York","0","0","0","0","0","2.767","49","2011"
"34690","Property and Casualty Insurance Company of Hartford","0","0","1","0","1","2.733","50","2011"
"18058","Philadelphia Indemnity Insurance Company","0","0","1","2","3","2.573","51","2011"
"21164","Dairyland Insurance Company","0","0","2","0","2","2.445","52","2011"
"29742","Integon National Insurance Company","0","0","0","1","1","2.258","53","2011"
"34479","Maidstone Insurance Company","0","0","1","0","1","2.254","54","2011"
"33855","Lincoln General Insurance Company","0","0","2","8","10","2.163","55","2011"
"15210","Sterling Insurance Company","0","0","1","0","1","2.078","56","2011"
"41491","GEICO Casualty Company","0","0","3","3","6","2.02","57","2011"
"31488","Integon Preferred Insurance Company","0","0","0","0","0","1.885","58","2011"
"21881","National Surety Corporation","0","0","0","0","0","1.879","59","2011"
"21873","Fireman's Fund Insurance Company","0","0","0","0","0","1.682","60","2011"
"22225","21st Century Preferred Insurance Company","0","0","0","0","0","1.617","61","2011"
"27120","Trumbull Insurance Company","0","0","0","2","2","1.611","62","2011"
"25984","Graphic Arts Mutual Insurance Company","0","0","0","0","0","1.581","63","2011"
"10687","Utica National Assurance Company","0","0","0","0","0","1.43","64","2011"
"10723","Nationwide Assurance Company","0","0","1","3","4","1.348","65","2011"
"20346","Pacific Indemnity Company","0","0","0","0","0","1.251","66","2011"
"19615","American Reliable Insurance Company","0","0","0","0","0","1.147","67","2011"
"26182","Harleysville Worcester Insurance Company","0","0","0","0","0","1.004","68","2011"
"22063","Government Employees Insurance Company","0.006","3","96","143","242","501.969","69","2011"
"14834","New York Central Mutual Fire Insurance Company","0.0085","2","25","65","92","235.051","70","2011"
"32786","Progressive Specialty Insurance Company","0.0106","1","6","26","33","94.159","71","2011"
"35882","GEICO General Insurance Company","0.0107","15","189","226","430","1397.051","72","2011"
"19976","Amica Mutual Insurance Company","0.0112","1","3","6","10","89.669","73","2011"
"22055","GEICO Indemnity Company","0.0125","8","72","109","189","640.146","74","2011"
"38628","Progressive Northern Insurance Company","0.0156","2","11","16","29","128.244","75","2011"
"37834","Progressive Preferred Insurance Company","0.0182","1","11","7","19","54.859","76","2011"
"20052","National Liability & Fire Insurance Company","0.0208","1","7","15","23","47.97","77","2011"
"25143","State Farm Fire and Casualty Company","0.0226","4","14","38","56","176.852","78","2011"
"25178","State Farm Mutual Automobile Insurance Company","0.0248","27","131","219","377","1087.724","79","2011"
"34339","Metropolitan Group Property and Casualty Insurance Company","0.0251","2","5","8","15","79.576","80","2011"
"12583","Adirondack Insurance Exchange","0.0268","2","5","11","18","74.561","81","2011"
"40169","Metropolitan Casualty Insurance Company","0.0296","4","6","25","35","134.97","82","2011"
"23035","Liberty Mutual Fire Insurance Company","0.0325","16","43","88","147","491.956","83","2011"
"27998","Travelers Home and Marine Insurance Company","0.0327","8","12","23","43","244.51","84","2011"
"23760","Nationwide General Insurance Company","0.0334","1","7","32","40","29.905","85","2011"
"19704","American States Insurance Company","0.0339","1","2","9","12","29.47","86","2011"
"37478","Hartford Insurance Company of the Midwest","0.0342","1","1","7","9","29.212","87","2011"
"23787","Nationwide Mutual Insurance Company","0.0359","4","7","14","25","111.289","88","2011"
"25674","Travelers Property Casualty Company of America","0.0364","5","10","23","38","137.191","89","2011"
"25623","Phoenix Insurance Company","0.0366","1","1","4","6","27.359","90","2011"
"17230","Allstate Property and Casualty Insurance Company","0.0384","26","45","107","178","676.299","91","2011"
"25453","Nationwide Insurance Company of America","0.041","4","10","16","30","97.532","92","2011"
"13803","Farm Family Casualty Insurance Company","0.0431","1","6","6","13","23.199","93","2011"
"11000","Sentinel Insurance Company, Ltd.","0.0436","2","3","11","16","45.899","94","2011"
"36137","Travelers Commercial Insurance Company","0.0463","1","1","2","4","21.581","95","2011"
"41483","Farmington Casualty Company","0.0478","1","1","6","8","20.907","96","2011"
"11037","Eveready Insurance Company","0.0485","1","7","25","33","20.634","97","2011"
"11105","A. Central Insurance Company","0.0486","3","27","30","60","61.767","98","2011"
"24279","Progressive Max Insurance Company","0.0491","2","1","6","9","40.771","99","2011"
"25232","21st Century Advantage Insurance Company","0.0511","1","1","8","10","19.562","100","2011"
"15024","Preferred Mutual Insurance Company","0.0531","3","12","7","22","56.518","101","2011"
"11851","Progressive Advanced Insurance Company","0.0533","4","2","25","31","75.065","102","2011"
"29068","IDS Property Casualty Insurance Company","0.0548","1","4","5","10","18.263","103","2011"
"12777","Chubb Indemnity Insurance Company","0.0576","1","0","1","2","17.362","104","2011"
"16322","Progressive Direct Insurance Company","0.059","4","13","49","66","67.849","105","2011"
"38288","Hartford Insurance Company of Illinois","0.0607","4","6","22","32","65.846","106","2011"
"10052","Chubb National Insurance Company","0.0625","1","0","3","4","16.004","107","2011"
"25941","United Services Automobile Association","0.064","6","3","17","26","93.731","108","2011"
"25968","USAA Casualty Insurance Company","0.0647","5","6","19","30","77.319","109","2011"
"29424","Hartford Casualty Insurance Company","0.0656","2","1","7","10","30.478","110","2011"
"12130","New South Insurance Company","0.0724","8","5","19","32","110.503","111","2011"
"14788","NGM Insurance Company","0.0741","1","5","5","11","13.488","112","2011"
"26263","Erie Insurance Company","0.0749","5","4","8","17","66.789","113","2011"
"30104","Hartford Underwriters Insurance Company","0.0789","2","0","2","4","25.353","114","2011"
"24198","Peerless Insurance Company","0.0795","6","17","12","35","75.486","115","2011"
"10921","CSAA Fire & Casualty Insurance Company","0.0806","1","1","6","8","12.403","116","2011"
"37915","Essentia Insurance Company","0.0812","1","1","0","2","12.315","117","2011"
"33588","First Liberty Insurance Corporation","0.0814","2","4","5","11","24.56","118","2011"
"42404","Liberty Insurance Corporation","0.0817","1","1","2","4","12.234","119","2011"
"10806","Farmers New Century Insurance Company","0.0853","1","1","6","8","11.717","120","2011"
"19232","Allstate Insurance Company","0.0861","97","251","312","660","1127.18","121","2011"
"11908","Mercury Casualty Company","0.0865","3","5","14","22","34.691","122","2011"
"18600","USAA General Indemnity Company","0.0906","2","4","8","14","22.085","123","2011"
"24260","Progressive Casualty Insurance Company","0.0916","9","12","51","72","98.255","124","2011"
"25712","Esurance Insurance Company","0.1019","5","9","30","44","49.068","125","2011"
"32220","21st Century North America Insurance Company","0.1027","3","4","8","15","29.2","126","2011"
"26085","Warner Insurance Company","0.1101","1","1","4","6","9.08","127","2011"
"23060","Tri-State Consumer Insurance Company","0.1134","2","11","39","52","17.639","128","2011"
"21253","Garrison Property and Casualty Insurance Company","0.1226","2","3","6","11","16.307","129","2011"
"25275","MAPFRE Insurance Company of New York","0.1255","3","7","19","29","23.908","130","2011"
"25658","Travelers Indemnity Company","0.1476","1","4","23","28","6.774","131","2011"
"10212","Allmerica Financial Alliance Insurance Company","0.1538","7","9","3","19","45.506","132","2011"
"34460","AutoOne Insurance Company","0.1689","6","7","19","32","35.518","133","2011"
"34789","21st Century Centennial Insurance Company","0.1702","2","1","6","9","11.751","134","2011"
"20133","Response Worldwide Direct Auto Insurance Company","0.1712","1","1","2","4","5.842","135","2011"
"21709","Truck Insurance Exchange","0.1746","3","5","5","13","17.181","136","2011"
"19682","Hartford Fire Insurance Company","0.1746","1","2","2","5","5.726","137","2011"
"11215","SAFECO Insurance Company of Indiana","0.1862","1","1","1","3","5.371","138","2011"
"25976","Utica Mutual Insurance Company","0.1866","1","0","7","8","5.36","139","2011"
"19941","American Commerce Insurance Company","0.2009","9","8","21","38","44.789","140","2011"
"39217","QBE Insurance Corporation","0.2184","4","22","34","60","18.318","141","2011"
"36170","Travelers Casualty Company of Connecticut","0.2455","1","0","0","1","4.073","142","2011"
"36587","21st Century National Insurance Company","0.2607","1","1","1","3","3.836","143","2011"
"10022","Countryway Insurance Company","0.2637","1","0","2","3","3.793","144","2011"
"19240","Allstate Indemnity Company","0.2909","2","3","7","12","6.875","145","2011"
"26298","Metropolitan Property and Casualty Insurance Company","0.2939","1","0","2","3","3.402","146","2011"
"42447","National General Assurance Company","0.2954","2","2","2","6","6.77","147","2011"
"14311","Interboro Insurance Company","0.3217","3","2","5","10","9.325","148","2011"
"13242","Titan Indemnity Company","0.3221","1","0","2","3","3.105","149","2011"
"37257","Praetorian Insurance Company","0.3694","9","20","45","74","24.362","150","2011"
"10839","Country-Wide Insurance Company","0.4025","45","84","365","494","111.791","151","2011"
"10226","Unitrin Direct Insurance Company","0.4448","2","2","10","14","4.496","152","2011"
"36161","Travelers Property Casualty Insurance Company","0.4477","1","0","3","4","2.233","153","2011"
"25666","Travelers Indemnity Company of America","0.4838","1","0","1","2","2.067","154","2011"
"20281","Federal Insurance Company","0.5285","1","0","2","3","1.892","155","2011"
"10645","Drivers Insurance Company","0.6697","2","1","4","7","2.986","156","2011"
"10915","Unitrin Direct Property & Casualty Company","0.6746","1","0","2","3","1.482","157","2011"
"37648","Permanent General Assurance Corporation","0.8247","9","4","15","28","10.913","158","2011"
"24740","SAFECO Insurance Company of America","0.9778","3","1","2","6","3.068","159","2011"
"22268","Infinity Insurance Company","1.0487","1","1","0","2","0.954","160","2011"
"22292","Hanover Insurance Company","1.22","2","0","1","3","1.639","161","2011"
"12360","Ocean Harbor Casualty Insurance Company","1.2977","4","9","25","38","3.082","162","2011"
"18376","Hermitage Insurance Company","1.4627","1","0","0","1","0.684","163","2011"
"12963","21st Century Insurance Company","2.2174","1","0","11","12","0.451","164","2011"
"29459","Twin City Fire Insurance Company","2.8216","4","0","0","4","1.418","165","2011"
"31968","Merastar Insurance Company","3.0793","1","0","0","1","0.325","166","2011"
"13668","Kingstone Insurance Company","5.1043","1","1","3","5","0.196","167","2011"
"24821","Meritplan Insurance Company","7.4144","2","1","5","8","0.27","168","2011"
"24988","Sentry Insurance A Mutual Company","14.9651","1","0","0","1","0.067","169","2011"
"26263","Erie Insurance Company","0","0","3","15","18","64.096","1","2010"
"10914","Kemper Independence Insurance Company","0","0","8","8","16","52.083","2","2010"
"25623","Phoenix Insurance Company","0","0","1","5","6","34.032","3","2010"
"20303","Great Northern Insurance Company","0","0","1","2","3","33.769","4","2010"
"29939","Main Street America Assurance Company","0","0","2","5","7","32.562","5","2010"
"19410","Commerce and Industry Insurance Company","0","0","0","6","6","21.788","6","2010"
"33588","First Liberty Insurance Corporation","0","0","2","4","6","20.462","7","2010"
"41483","Farmington Casualty Company","0","0","1","14","15","19.803","8","2010"
"29068","IDS Property Casualty Insurance Company","0","0","1","1","2","19.802","9","2010"
"18600","USAA General Indemnity Company","0","0","2","2","4","16.659","10","2010"
"43478","Utica National Insurance Company of Texas","0","0","1","3","4","15.747","11","2010"
"25615","Charter Oak Fire Insurance Company","0","0","3","1","4","13.334","12","2010"
"18279","Bankers Standard Insurance Company","0","0","1","0","1","13.087","13","2010"
"12475","Republic-Franklin Insurance Company","0","0","0","1","1","11.985","14","2010"
"11185","Foremost Insurance Company Grand Rapids, Michigan","0","0","2","2","4","11.64","15","2010"
"37915","Essentia Insurance Company","0","0","0","1","1","11.609","16","2010"
"40231","Old Dominion Insurance Company","0","0","0","0","0","10.78","17","2010"
"22357","Hartford Accident and Indemnity Company","0","0","5","10","15","8.946","18","2010"
"10072","Encompass Property and Casualty Company","0","0","0","1","1","8.111","19","2010"
"19429","Insurance Company of the State of Pennsylvania","0","0","1","1","2","7.953","20","2010"
"11252","Encompass Home and Auto Insurance Company","0","0","2","4","6","7.538","21","2010"
"10052","Chubb National Insurance Company","0","0","0","1","1","7.03","22","2010"
"20052","National Liability & Fire Insurance Company","0","0","2","5","7","6.743","23","2010"
"21865","Associated Indemnity Corporation","0","0","0","1","1","6.397","24","2010"
"20133","Response Worldwide Direct Auto Insurance Company","0","0","1","1","2","6.338","25","2010"
"42447","National General Assurance Company","0","0","0","0","0","6.337","26","2010"
"34479","AutoOne Select Insurance Company","0","0","1","5","6","6.326","27","2010"
"23728","National General Insurance Company","0","0","1","3","4","6.16","28","2010"
"26050","Response Worldwide Insurance Company","0","0","0","2","2","6.109","29","2010"
"10881","Unitrin Advantage Insurance Company","0","0","1","4","5","5.946","30","2010"
"19070","Standard Fire Insurance Company","0","0","0","2","2","5.856","31","2010"
"20397","Vigilant Insurance Company","0","0","0","0","0","5.85","32","2010"
"37877","Nationwide Property and Casualty Insurance Company","0","0","3","7","10","5.694","33","2010"
"20230","Central Mutual Insurance Company","0","0","1","0","1","5.178","34","2010"
"36170","Travelers Casualty Company of Connecticut","0","0","2","0","2","5.051","35","2010"
"25976","Utica Mutual Insurance Company","0","0","1","7","8","4.919","36","2010"
"21849","American Automobile Insurance Company","0","0","0","1","1","4.878","37","2010"
"10111","American Bankers Insurance Company of Florida","0","0","0","3","3","4.677","38","2010"
"12504","Ameriprise Insurance Company","0","0","0","1","1","4.599","39","2010"
"40754","Blue Ridge Indemnity Company","0","0","0","0","0","4.211","40","2010"
"39004","National Merit Insurance Company","0","0","1","3","4","3.867","41","2010"
"10022","Countryway Insurance Company","0","0","1","2","3","3.697","42","2010"
"23450","American Family Home Insurance Company","0","0","0","1","1","3.388","43","2010"
"10645","Drivers Insurance Company","0","0","3","5","8","3.29","44","2010"
"34690","Property and Casualty Insurance Company of Hartford","0","0","2","2","4","3.289","45","2010"
"12873","Privilege Underwriters Reciprocal Exchange","0","0","0","0","0","2.806","46","2010"
"25984","Graphic Arts Mutual Insurance Company","0","0","0","3","3","2.552","47","2010"
"31488","Integon Preferred Insurance Company","0","0","0","0","0","2.211","48","2010"
"20281","Federal Insurance Company","0","0","2","2","4","2.183","49","2010"
"10687","Utica National Assurance Company","0","0","3","3","6","2.179","50","2010"
"21881","National Surety Corporation","0","0","1","0","1","2.173","51","2010"
"21873","Fireman's Fund Insurance Company","0","0","1","0","1","2.103","52","2010"
"38601","MIC Property and Casualty Insurance Corporation","0","0","0","1","1","1.953","53","2010"
"22225","21st Century Preferred Insurance Company","0","0","0","2","2","1.934","54","2010"
"29742","Integon National Insurance Company","0","0","0","1","1","1.816","55","2010"
"15210","Sterling Insurance Company","0","0","0","0","0","1.788","56","2010"
"22004","Cim Insurance Corporation","0","0","0","0","0","1.684","57","2010"
"13242","Titan Indemnity Company","0","0","1","2","3","1.633","58","2010"
"20346","Pacific Indemnity Company","0","0","0","0","0","1.536","59","2010"
"19615","American Reliable Insurance Company","0","0","0","0","0","1.288","60","2010"
"10723","Nationwide Assurance Company","0","0","0","0","0","1.237","61","2010"
"26182","Harleysville Worcester Insurance Company","0","0","0","0","0","1.187","62","2010"
"23787","Nationwide Mutual Insurance Company","0.0081","1","13","24","38","123.174","63","2010"
"14834","New York Central Mutual Fire Insurance Company","0.013","3","39","67","109","230.064","64","2010"
"40169","Metropolitan Casualty Insurance Company","0.0139","2","14","21","37","144.39","65","2010"
"35882","GEICO General Insurance Company","0.0156","20","180","238","438","1284.558","66","2010"
"11105","A. Central Insurance Company","0.0169","1","13","37","51","59.201","67","2010"
"25143","State Farm Fire and Casualty Company","0.0176","3","18","35","56","170.59","68","2010"
"12130","New South Insurance Company","0.0198","2","8","17","27","101.145","69","2010"
"38628","Progressive Northern Insurance Company","0.0225","4","12","23","39","178.138","70","2010"
"19941","American Commerce Insurance Company","0.0226","1","8","14","23","44.313","71","2010"
"25453","Nationwide Insurance Company of America","0.0226","2","6","13","21","88.474","72","2010"
"22055","GEICO Indemnity Company","0.0227","14","132","166","312","618.005","73","2010"
"11908","Mercury Casualty Company","0.0292","1","5","13","19","34.257","74","2010"
"37478","Hartford Insurance Company of the Midwest","0.0299","1","1","9","11","33.443","75","2010"
"24279","Progressive Max Insurance Company","0.0336","1","2","7","10","29.803","76","2010"
"22063","Government Employees Insurance Company","0.0336","16","189","249","454","476.171","77","2010"
"16063","Unitrin Auto and Home Insurance Company","0.0337","1","2","5","8","29.677","78","2010"
"19976","Amica Mutual Insurance Company","0.0347","3","7","14","24","86.409","79","2010"
"25178","State Farm Mutual Automobile Insurance Company","0.0361","37","177","212","426","1024.953","80","2010"
"15024","Preferred Mutual Insurance Company","0.0362","2","9","12","23","55.206","81","2010"
"32220","21st Century North America Insurance Company","0.0377","1","5","15","21","26.516","82","2010"
"11851","Progressive Advanced Insurance Company","0.0386","2","9","20","31","51.753","83","2010"
"34339","Metropolitan Group Property and Casualty Insurance Company","0.0399","3","5","13","21","75.119","84","2010"
"24198","Peerless Insurance Company","0.0413","3","15","17","35","72.694","85","2010"
"19062","Automobile Insurance Company of Hartford, Connecticut","0.0416","1","2","3","6","24.032","86","2010"
"25909","Unitrin Preferred Insurance Company","0.0421","1","0","3","4","23.751","87","2010"
"25941","United Services Automobile Association","0.0423","4","8","20","32","94.451","88","2010"
"42919","Progressive Northwestern Insurance Company","0.0427","2","2","11","15","46.858","89","2010"
"28188","TravCo Insurance Company","0.0433","1","2","3","6","23.069","90","2010"
"12583","Adirondack Insurance Exchange","0.0473","4","15","6","25","84.519","91","2010"
"17230","Allstate Property and Casualty Insurance Company","0.0475","29","38","100","167","610.465","92","2010"
"11000","Sentinel Insurance Company, Ltd.","0.0478","3","3","10","16","62.721","93","2010"
"12777","Chubb Indemnity Insurance Company","0.0479","1","1","2","4","20.86","94","2010"
"32786","Progressive Specialty Insurance Company","0.0481","3","5","11","19","62.395","95","2010"
"27998","Travelers Home and Marine Insurance Company","0.0504","9","17","21","47","178.498","96","2010"
"40649","Economy Premier Assurance Company","0.0515","1","1","2","4","19.421","97","2010"
"23035","Liberty Mutual Fire Insurance Company","0.0547","26","82","84","192","474.954","98","2010"
"37834","Progressive Preferred Insurance Company","0.0548","5","11","25","41","91.241","99","2010"
"16322","Progressive Direct Insurance Company","0.0555","5","17","26","48","90.082","100","2010"
"25674","Travelers Property Casualty Company of America","0.0576","10","12","31","53","173.747","101","2010"
"11037","Eveready Insurance Company","0.0598","1","10","24","35","16.712","102","2010"
"23760","Nationwide General Insurance Company","0.0611","2","10","24","36","32.751","103","2010"
"25968","USAA Casualty Insurance Company","0.0613","5","6","23","34","81.562","104","2010"
"25275","State-Wide Insurance Company","0.0672","2","10","24","36","29.762","105","2010"
"10212","Allmerica Financial Alliance Insurance Company","0.0797","4","7","12","23","50.212","106","2010"
"38288","Hartford Insurance Company of Illinois","0.081","6","13","16","35","74.058","107","2010"
"10071","Encompass Insurance Company of America","0.0826","2","4","9","15","24.226","108","2010"
"42404","Liberty Insurance Corporation","0.0862","1","1","3","5","11.6","109","2010"
"30104","Hartford Underwriters Insurance Company","0.0864","1","2","0","3","11.576","110","2010"
"12901","Merchants Preferred Insurance Company","0.0873","2","3","3","8","22.917","111","2010"
"37257","Praetorian Insurance Company","0.0878","4","18","35","57","45.538","112","2010"
"29424","Hartford Casualty Insurance Company","0.0909","1","3","5","9","11","113","2010"
"21261","Electric Insurance Company","0.091","1","3","3","7","10.99","114","2010"
"26085","Warner Insurance Company","0.0912","1","2","5","8","10.97","115","2010"
"34789","21st Century Centennial Insurance Company","0.097","1","0","8","9","10.312","116","2010"
"31534","Citizens Insurance Company of America","0.0994","1","2","3","6","10.057","117","2010"
"21709","Truck Insurance Exchange","0.1032","3","7","19","29","29.073","118","2010"
"33855","Lincoln General Insurance Company","0.1188","2","15","32","49","16.837","119","2010"
"23469","American Modern Home Insurance Company","0.1203","1","0","0","1","8.31","120","2010"
"21253","Garrison Property and Casualty Insurance Company","0.1218","1","1","1","3","8.211","121","2010"
"14788","NGM Insurance Company","0.1265","2","3","6","11","15.808","122","2010"
"36137","Travelers Commercial Insurance Company","0.1278","2","1","4","7","15.648","123","2010"
"19704","American States Insurance Company","0.1292","2","0","7","9","15.475","124","2010"
"13803","Farm Family Casualty Insurance Company","0.1319","3","1","12","16","22.745","125","2010"
"22306","Massachusetts Bay Insurance Company","0.1366","1","0","0","1","7.318","126","2010"
"19682","Hartford Fire Insurance Company","0.1386","1","0","3","4","7.218","127","2010"
"24260","Progressive Casualty Insurance Company","0.1388","7","25","71","103","50.422","128","2010"
"15130","Encompass Indemnity Company","0.1392","4","4","8","16","28.741","129","2010"
"19232","Allstate Insurance Company","0.1423","170","698","482","1350","1194.346","130","2010"
"20796","21st Century Premier Insurance Company","0.1428","1","0","1","2","7.001","131","2010"
"39217","QBE Insurance Corporation","0.1486","3","14","35","52","20.19","132","2010"
"10226","Unitrin Direct Insurance Company","0.1519","1","7","9","17","6.582","133","2010"
"25682","Travelers Indemnity Company of Connecticut","0.155","3","2","4","9","19.36","134","2010"
"43974","21st Century Indemnity Insurance Company","0.1694","3","4","7","14","17.713","135","2010"
"12360","Ocean Harbor Casualty Insurance Company","0.1773","1","15","24","40","5.641","136","2010"
"10921","ACA Insurance Company","0.1833","2","0","1","3","10.912","137","2010"
"43044","Response Insurance Company","0.1926","1","1","4","6","5.191","138","2010"
"25712","Esurance Insurance Company","0.1998","11","6","45","62","55.049","139","2010"
"25232","21st Century Advantage Insurance Company","0.2239","4","2","14","20","17.868","140","2010"
"26298","Metropolitan Property and Casualty Insurance Company","0.2274","1","3","2","6","4.398","141","2010"
"23779","Nationwide Mutual Fire Insurance Company","0.2369","5","7","15","27","21.11","142","2010"
"34460","AutoOne Insurance Company","0.2474","11","20","41","72","44.459","143","2010"
"14311","Interboro Insurance Company","0.2485","2","3","5","10","8.049","144","2010"
"10806","Farmers New Century Insurance Company","0.2617","4","8","6","18","15.283","145","2010"
"11215","SAFECO Insurance Company of Indiana","0.2678","2","1","4","7","7.469","146","2010"
"24740","SAFECO Insurance Company of America","0.2719","1","3","11","15","3.677","147","2010"
"23060","Tri-State Consumer Insurance Company","0.272","5","16","32","53","18.382","148","2010"
"36587","21st Century National Insurance Company","0.285","3","7","8","18","10.526","149","2010"
"29459","Twin City Fire Insurance Company","0.3453","1","0","0","1","2.896","150","2010"
"41491","GEICO Casualty Company","0.3458","1","4","24","29","2.892","151","2010"
"10839","Country-Wide Insurance Company","0.3643","32","245","400","677","87.843","152","2010"
"36161","Travelers Property Casualty Insurance Company","0.3711","1","2","14","17","2.695","153","2010"
"23841","New Hampshire Insurance Company","0.3867","1","1","6","8","2.586","154","2010"
"25666","Travelers Indemnity Company of America","0.3909","1","0","1","2","2.558","155","2010"
"25658","Travelers Indemnity Company","0.5906","5","9","15","29","8.467","156","2010"
"22268","Infinity Insurance Company","0.6902","1","0","1","2","1.449","157","2010"
"21164","Dairyland Insurance Company","0.7283","2","0","1","3","2.746","158","2010"
"37648","Permanent General Assurance Corporation","0.8171","6","0","19","25","7.343","159","2010"
"18058","Philadelphia Indemnity Insurance Company","0.8494","2","0","0","2","2.355","160","2010"
"12963","21st Century Insurance Company","0.9431","1","4","19","24","1.06","161","2010"
"10915","Unitrin Direct Property & Casualty Company","0.9908","2","2","0","4","2.019","162","2010"
"19240","Allstate Indemnity Company","1.231","10","4","12","26","8.124","163","2010"
"19380","American Home Assurance Company","1.3084","1","0","2","3","0.764","164","2010"
"24813","Balboa Insurance Company","1.3248","1","0","1","2","0.755","165","2010"
"27120","Trumbull Insurance Company","2.017","1","0","0","1","0.496","166","2010"
"19399","AIU Insurance Company","2.1424","1","0","3","4","0.467","167","2010"
"24821","Meritplan Insurance Company","2.7751","2","1","1","4","0.721","168","2010"
"22292","Hanover Insurance Company","2.8907","6","2","2","10","2.076","169","2010"
"37850","Pacific Specialty Insurance Company","3.4159","1","0","1","2","0.293","170","2010"
"23817","Illinois National Insurance Co.","6.2547","1","1","0","2","0.16","171","2010"
"25054","Hudson Insurance Company","6.8039","1","0","1","2","0.147","172","2010"
"10243","National Continental Insurance Company","10.3004","1","3","4","8","0.097","173","2010"
"19445","National Union Fire Insurance Company of Pittsburgh, Pa.","25.7674","2","0","2","4","0.078","174","2010"
"21792","Infinity Casualty Insurance Company","31.5686","1","0","0","1","0.032","175","2010"
"19402","Chartis Property Casualty Company","33.7096","4","0","5","9","0.119","176","2010"
"22187","Greater New York Mutual Insurance Company","74.5379","1","0","0","1","0.013","177","2010"
"21970","OneBeacon Insurance Company","128.0041","2","0","1","3","0.016","178","2010"
"20532","Clarendon National Insurance Company","280.4459","2","0","10","12","0.007","179","2010"
"23787","Nationwide Mutual Insurance Company","0","0","17","38","55","140.474","1","2009"
"12583","Adirondack Insurance Exchange","0","0","20","21","41","94.6","2","2009"
"19976","Amica Mutual Insurance Company","0","0","4","7","11","85.452","3","2009"
"25623","Phoenix Insurance Company","0","0","1","3","4","42.506","4","2009"
"20303","Great Northern Insurance Company","0","0","3","5","8","40.097","5","2009"
"28188","TravCo Insurance Company","0","0","2","2","4","28.076","6","2009"
"12777","Chubb Indemnity Insurance Company","0","0","1","4","5","25.059","7","2009"
"19410","Commerce and Industry Insurance Company","0","0","1","3","4","23.817","8","2009"
"36587","21st Century National Insurance Company","0","0","8","32","40","22.727","9","2009"
"40649","Economy Premier Assurance Company","0","0","2","3","5","21.35","10","2009"
"19941","American Commerce Insurance Company","0","0","0","1","1","18.639","11","2009"
"11851","Progressive Advanced Insurance Company","0","0","2","6","8","18.128","12","2009"
"25615","Charter Oak Fire Insurance Company","0","0","0","2","2","16.533","13","2009"
"12901","Merchants Preferred Insurance Company","0","0","1","1","2","14.46","14","2009"
"12475","Republic-Franklin Insurance Company","0","0","2","2","4","13.669","15","2009"
"31534","Citizens Insurance Company of America","0","0","1","3","4","12.418","16","2009"
"42404","Liberty Insurance Corporation","0","0","2","9","11","12.303","17","2009"
"18600","USAA General Indemnity Company","0","0","4","8","12","12.075","18","2009"
"32220","21st Century North America Insurance Company","0","0","0","3","3","11.959","19","2009"
"11185","Foremost Insurance Company Grand Rapids, Michigan","0","0","1","3","4","10.948","20","2009"
"37915","Essentia Insurance Company","0","0","0","0","0","10.019","21","2009"
"36137","Travelers Commercial Insurance Company","0","0","0","2","2","9.968","22","2009"
"22306","Massachusetts Bay Insurance Company","0","0","1","2","3","9.248","23","2009"
"21865","Associated Indemnity Corporation","0","0","0","0","0","7.482","24","2009"
"23728","National General Insurance Company","0","0","0","4","4","7.209","25","2009"
"26050","Response Worldwide Insurance Company","0","0","3","4","7","7.133","26","2009"
"11252","Encompass Home and Auto Insurance Company","0","0","3","5","8","6.712","27","2009"
"20796","21st Century Premier Insurance Company","0","0","1","1","2","6.688","28","2009"
"20397","Vigilant Insurance Company","0","0","0","0","0","6.675","29","2009"
"24813","Balboa Insurance Company","0","0","0","0","0","6.539","30","2009"
"36170","Travelers Casualty Company of Connecticut","0","0","1","1","2","6.288","31","2009"
"37877","Nationwide Property and Casualty Insurance Company","0","0","3","5","8","5.704","32","2009"
"18279","Bankers Standard Insurance Company","0","0","0","0","0","5.589","33","2009"
"42447","National General Assurance Company","0","0","0","3","3","5.478","34","2009"
"38601","MIC Property and Casualty Insurance Corporation","0","0","1","1","2","5.294","35","2009"
"22004","Cim Insurance Corporation","0","0","0","1","1","5.202","36","2009"
"21849","American Automobile Insurance Company","0","0","0","0","0","4.97","37","2009"
"40754","Blue Ridge Indemnity Company","0","0","0","0","0","4.835","38","2009"
"20230","Central Mutual Insurance Company","0","0","0","2","2","4.683","39","2009"
"39004","National Merit Insurance Company","0","0","0","1","1","4.504","40","2009"
"24740","SAFECO Insurance Company of America","0","0","3","5","8","4.435","41","2009"
"10111","American Bankers Insurance Company of Florida","0","0","0","2","2","4.268","42","2009"
"10022","Countryway Insurance Company","0","0","2","2","4","3.773","43","2009"
"33235","Harleysville Insurance Company of New York","0","0","1","3","4","3.688","44","2009"
"23450","American Family Home Insurance Company","0","0","1","1","2","3.557","45","2009"
"29459","Twin City Fire Insurance Company","0","0","1","3","4","3.287","46","2009"
"25666","Travelers Indemnity Company of America","0","0","3","3","6","3.207","47","2009"
"25984","Graphic Arts Mutual Insurance Company","0","0","0","0","0","3.16","48","2009"
"30104","Hartford Underwriters Insurance Company","0","0","0","1","1","2.786","49","2009"
"10915","Unitrin Direct Property & Casualty Company","0","0","1","1","2","2.707","50","2009"
"10687","Utica National Assurance Company","0","0","2","2","4","2.548","51","2009"
"22225","21st Century Preferred Insurance Company","0","0","1","0","1","2.389","52","2009"
"40231","Old Dominion Insurance Company","0","0","0","0","0","2.351","53","2009"
"31488","Integon Preferred Insurance Company","0","0","0","0","0","2.309","54","2009"
"21881","National Surety Corporation","0","0","0","0","0","2.251","55","2009"
"18058","Philadelphia Indemnity Insurance Company","0","0","0","2","2","2.093","56","2009"
"20346","Pacific Indemnity Company","0","0","0","0","0","1.836","57","2009"
"15210","Sterling Insurance Company","0","0","0","3","3","1.774","58","2009"
"23329","Merchants Mutual Insurance Company","0","0","7","4","11","1.771","59","2009"
"10723","Nationwide Assurance Company","0","0","0","2","2","1.727","60","2009"
"26182","Harleysville Worcester Insurance Company","0","0","0","0","0","1.422","61","2009"
"19615","American Reliable Insurance Company","0","0","0","0","0","1.358","62","2009"
"39950","Metropolitan General Insurance Company","0","0","1","0","1","1.166","63","2009"
"10052","Chubb National Insurance Company","0","0","0","1","1","1.156","64","2009"
"18376","Hermitage Insurance Company","0","0","1","2","3","1.151","65","2009"
"38628","Progressive Northern Insurance Company","0.009","1","1","6","8","110.726","66","2009"
"12130","New South Insurance Company","0.0119","1","8","26","35","84.383","67","2009"
"35882","GEICO General Insurance Company","0.0122","15","211","222","448","1227.732","68","2009"
"22063","Government Employees Insurance Company","0.0153","7","210","268","485","457.169","69","2009"
"26263","Erie Insurance Company","0.0165","1","11","16","28","60.425","70","2009"
"22055","GEICO Indemnity Company","0.0198","12","131","205","348","605.301","71","2009"
"10914","Kemper Independence Insurance Company","0.0209","1","6","11","18","47.891","72","2009"
"14834","New York Central Mutual Fire Insurance Company","0.022","5","44","103","152","227.552","73","2009"
"15130","Encompass Indemnity Company","0.025","1","7","5","13","40.028","74","2009"
"25674","Travelers Property Casualty Company of America","0.0284","6","24","51","81","210.945","75","2009"
"10071","Encompass Insurance Company of America","0.0328","1","3","11","15","30.472","76","2009"
"40169","Metropolitan Casualty Insurance Company","0.0337","5","10","31","46","148.53","77","2009"
"16322","Progressive Direct Insurance Company","0.034","4","19","52","75","117.569","78","2009"
"25909","Unitrin Preferred Insurance Company","0.0354","1","2","6","9","28.214","79","2009"
"10212","Allmerica Financial Alliance Insurance Company","0.0373","2","5","8","15","53.64","80","2009"
"42919","Progressive Northwestern Insurance Company","0.0401","2","2","12","16","49.883","81","2009"
"25453","Nationwide Insurance Company of America","0.0406","3","3","10","16","73.873","82","2009"
"34339","Metropolitan Group Property and Casualty Insurance Company","0.0413","3","5","21","29","72.689","83","2009"
"25682","Travelers Indemnity Company of Connecticut","0.0426","1","2","1","4","23.468","84","2009"
"32786","Progressive Specialty Insurance Company","0.0444","1","0","7","8","22.534","85","2009"
"23035","Liberty Mutual Fire Insurance Company","0.0457","21","75","135","231","459.786","86","2009"
"29068","IDS Property Casualty Insurance Company","0.0473","1","3","1","5","21.141","87","2009"
"17230","Allstate Property and Casualty Insurance Company","0.051","25","14","55","94","490.044","88","2009"
"25941","United Services Automobile Association","0.053","5","12","24","41","94.419","89","2009"
"41483","Farmington Casualty Company","0.0544","1","8","9","18","18.38","90","2009"
"29939","Main Street America Assurance Company","0.0546","2","2","1","5","36.622","91","2009"
"16063","Unitrin Auto and Home Insurance Company","0.057","2","6","8","16","35.07","92","2009"
"33588","First Liberty Insurance Corporation","0.0605","1","3","8","12","16.537","93","2009"
"25178","State Farm Mutual Automobile Insurance Company","0.0623","60","298","252","610","962.945","94","2009"
"37834","Progressive Preferred Insurance Company","0.0631","9","14","48","71","142.531","95","2009"
"25143","State Farm Fire and Casualty Company","0.0675","10","18","50","78","148.124","96","2009"
"23779","Nationwide Mutual Fire Insurance Company","0.0707","2","6","17","25","28.282","97","2009"
"11000","Sentinel Insurance Company, Ltd.","0.0719","5","8","15","28","69.495","98","2009"
"25968","USAA Casualty Insurance Company","0.0732","6","8","18","32","81.938","99","2009"
"43974","21st Century Indemnity Insurance Company","0.0779","2","8","27","37","25.673","100","2009"
"11037","Eveready Insurance Company","0.0804","1","5","19","25","12.441","101","2009"
"37257","Praetorian Insurance Company","0.081","2","16","19","37","24.694","102","2009"
"21261","Electric Insurance Company","0.0861","1","0","11","12","11.613","103","2009"
"22357","Hartford Accident and Indemnity Company","0.0866","1","6","8","15","11.548","104","2009"
"38288","Hartford Insurance Company of Illinois","0.09","7","8","22","37","77.784","105","2009"
"24279","Progressive Max Insurance Company","0.0911","1","3","2","6","10.977","106","2009"
"15024","Preferred Mutual Insurance Company","0.0948","5","9","23","37","52.749","107","2009"
"10072","Encompass Property and Casualty Company","0.1021","1","1","2","4","9.797","108","2009"
"37478","Hartford Insurance Company of the Midwest","0.1045","4","1","12","17","38.287","109","2009"
"11105","A. Central Insurance Company","0.1065","5","18","26","49","46.936","110","2009"
"19682","Hartford Fire Insurance Company","0.1083","1","0","3","4","9.235","111","2009"
"43478","Utica National Insurance Company of Texas","0.1215","1","0","1","2","8.231","112","2009"
"25275","State-Wide Insurance Company","0.1224","4","13","24","41","32.667","113","2009"
"27998","Travelers Home and Marine Insurance Company","0.1264","15","13","15","43","118.665","114","2009"
"10921","ACA Insurance Company","0.1286","1","2","5","8","7.773","115","2009"
"19070","Standard Fire Insurance Company","0.1356","1","2","2","5","7.377","116","2009"
"19062","Automobile Insurance Company of Hartford, Connecticut","0.1366","4","3","0","7","29.286","117","2009"
"19429","Insurance Company of the State of Pennsylvania","0.1405","4","7","10","21","28.477","118","2009"
"19232","Allstate Insurance Company","0.1418","180","318","525","1023","1269.438","119","2009"
"19704","American States Insurance Company","0.1521","1","1","5","7","6.575","120","2009"
"24260","Progressive Casualty Insurance Company","0.1523","2","16","52","70","13.133","121","2009"
"20133","Response Worldwide Direct Auto Insurance Company","0.1539","1","1","3","5","6.497","122","2009"
"24198","Peerless Insurance Company","0.1593","10","8","17","35","62.781","123","2009"
"26085","Warner Insurance Company","0.16","2","3","9","14","12.503","124","2009"
"43044","Response Insurance Company","0.16","1","4","5","10","6.251","125","2009"
"11908","Mercury Casualty Company","0.1626","5","9","15","29","30.748","126","2009"
"13803","Farm Family Casualty Insurance Company","0.1693","4","3","6","13","23.623","127","2009"
"33855","Lincoln General Insurance Company","0.1746","8","29","83","120","45.809","128","2009"
"14788","NGM Insurance Company","0.1757","3","5","8","16","17.076","129","2009"
"26298","Metropolitan Property and Casualty Insurance Company","0.1916","1","1","2","4","5.22","130","2009"
"10881","Unitrin Advantage Insurance Company","0.1982","1","0","7","8","5.045","131","2009"
"34789","21st Century Centennial Insurance Company","0.1988","2","0","10","12","10.058","132","2009"
"25712","Esurance Insurance Company","0.2033","12","20","56","88","59.012","133","2009"
"21709","Truck Insurance Exchange","0.2078","6","5","9","20","28.879","134","2009"
"25232","21st Century Advantage Insurance Company","0.2089","5","3","16","24","23.94","135","2009"
"21253","Garrison Property and Casualty Insurance Company","0.2207","1","0","2","3","4.53","136","2009"
"23469","American Modern Home Insurance Company","0.2315","2","2","5","9","8.64","137","2009"
"23760","Nationwide General Insurance Company","0.2316","7","12","34","53","30.221","138","2009"
"34690","Property and Casualty Insurance Company of Hartford","0.2521","1","0","1","2","3.967","139","2009"
"14311","Interboro Insurance Company","0.2658","2","8","6","16","7.524","140","2009"
"11215","SAFECO Insurance Company of Indiana","0.2781","3","0","4","7","10.787","141","2009"
"34460","AutoOne Insurance Company","0.2788","14","21","63","98","50.214","142","2009"
"10645","Drivers Insurance Company","0.2993","1","4","3","8","3.341","143","2009"
"10806","Farmers New Century Insurance Company","0.3087","6","9","10","25","19.437","144","2009"
"10839","Country-Wide Insurance Company","0.3111","24","107","227","358","77.15","145","2009"
"21164","Dairyland Insurance Company","0.318","1","2","3","6","3.145","146","2009"
"12360","Ocean Harbor Casualty Insurance Company","0.3209","2","3","14","19","6.233","147","2009"
"19380","American Home Assurance Company","0.3449","1","0","3","4","2.899","148","2009"
"21873","Fireman's Fund Insurance Company","0.3897","1","0","2","3","2.566","149","2009"
"20281","Federal Insurance Company","0.3966","1","3","2","6","2.521","150","2009"
"34479","AutoOne Select Insurance Company","0.4037","8","7","16","31","19.818","151","2009"
"35637","Landmark Insurance Company","0.4429","1","0","0","1","2.258","152","2009"
"39217","QBE Insurance Corporation","0.4792","7","4","23","34","14.608","153","2009"
"25658","Travelers Indemnity Company","0.4865","5","12","32","49","10.277","154","2009"
"29742","Integon National Insurance Company","0.4966","1","1","3","5","2.014","155","2009"
"23060","Tri-State Consumer Insurance Company","0.4972","9","20","31","60","18.103","156","2009"
"41491","GEICO Casualty Company","0.6248","1","0","28","29","1.6","157","2009"
"10226","Unitrin Direct Insurance Company","0.772","8","9","16","33","10.362","158","2009"
"23841","New Hampshire Insurance Company","0.832","7","1","5","13","8.414","159","2009"
"29424","Hartford Casualty Insurance Company","0.9063","2","1","9","12","2.207","160","2009"
"12963","21st Century Insurance Company","1.1588","2","2","15","19","1.726","161","2009"
"24821","Meritplan Insurance Company","1.1592","1","0","2","3","0.863","162","2009"
"19240","Allstate Indemnity Company","1.1722","12","9","22","43","10.237","163","2009"
"31968","Merastar Insurance Company","1.2187","1","0","1","2","0.821","164","2009"
"37648","Permanent General Assurance Corporation","1.2642","3","0","6","9","2.373","165","2009"
"36161","Travelers Property Casualty Insurance Company","1.525","5","6","16","27","3.279","166","2009"
"25976","Utica Mutual Insurance Company","1.6667","7","4","14","25","4.2","167","2009"
"22292","Hanover Insurance Company","1.6956","4","3","14","21","2.359","168","2009"
"24759","Safeco National Insurance Company","1.697","1","0","1","2","0.589","169","2009"
"19399","AIU Insurance Company","1.7051","3","2","6","11","1.759","170","2009"
"22268","Infinity Insurance Company","2.1129","5","0","7","12","2.366","171","2009"
"12599","Infinity Standard Insurance Company","2.3089","2","0","2","4","0.866","172","2009"
"27120","Trumbull Insurance Company","2.7234","1","1","3","5","0.367","173","2009"
"19402","Chartis Property Casualty Company","3.3663","2","1","7","10","0.594","174","2009"
"10243","National Continental Insurance Company","6.9407","1","3","3","7","0.144","175","2009"
"25054","Hudson Insurance Company","8.9173","3","0","2","5","0.336","176","2009"
"22667","ACE American Insurance Company","12.5881","1","0","3","4","0.079","177","2009"
"23809","Granite State Insurance Company","14.2471","1","0","0","1","0.07","178","2009"
"10982","Long Island Insurance Company","25.886","265","17","73","355","10.237","179","2009"
"16535","Zurich American Insurance Company","36.5845","1","0","1","2","0.027","180","2009"
"42889","Victoria Fire & Casualty Company","152.9403","1","1","1","3","0.007","181","2009"
"11105","A. Central Insurance Company","0","0","1","6","7","83.2381485","1","2024"
"37915","Essentia Insurance Company","0","0","2","2","4","48.950299","2","2024"
"10677","Cincinnati Insurance Company","0","0","0","1","1","42.652788","3","2024"
"19240","Allstate Indemnity Company","0","0","2","7","9","41.512417","4","2024"
"23787","Nationwide Mutual Insurance Company","0","0","3","5","8","38.8034625","5","2024"
"40169","Farmers Casualty Insurance Company","0","0","2","3","5","36.276466","6","2024"
"23728","National General Insurance Company","0","0","4","7","11","27.708433","7","2024"
"19402","AIG Property Casualty Company","0","0","1","1","2","23.290257","8","2024"
"11908","Mercury Casualty Company","0","0","1","11","12","22.3692675","9","2024"
"25453","Nationwide Insurance Company of America","0","0","1","3","4","19.9027795","10","2024"
"12901","Merchants Preferred Insurance Company","0","0","2","4","6","19.664581","11","2024"
"38288","Hartford Insurance Company of Illinois","0","0","1","2","3","17.8115805","12","2024"
"32603","Berkley Insurance Company","0","0","0","0","0","14.7060445","13","2024"
"10022","Countryway Insurance Company","0","0","0","0","0","13.4378615","14","2024"
"12504","AMERICAN FAMILY CONNECT INSURANCE COMPANY","0","0","0","1","1","13.0556345","15","2024"
"23450","American Family Home Insurance Company","0","0","0","3","3","12.6571545","16","2024"
"20303","Great Northern Insurance Company","0","0","0","0","0","11.125905","17","2024"
"16578","Stillwater Property and Casualty Insurance Company","0","0","2","7","9","10.569326","18","2024"
"25976","Utica Mutual Insurance Company","0","0","0","4","4","10.536832","19","2024"
"40231","Old Dominion Insurance Company","0","0","1","0","1","8.3597855","20","2024"
"11044","National General Insurance Online, Inc.","0","0","0","6","6","7.7142935","21","2024"
"21261","RiverStone International Insurance, Inc.","0","0","1","2","3","7.6080895","22","2024"
"20230","Central Insurance Company","0","0","0","0","0","7.15771","23","2024"
"29068","AMERICAN FAMILY CONNECT PROPERTY AND CASUALTY INSURANCE COMPANY","0","0","1","4","5","5.800757","24","2024"
"33588","First Liberty Insurance Corporation","0","0","2","0","2","5.466755","25","2024"
"37478","Hartford Insurance Company of the Midwest","0","0","2","1","3","5.423876","26","2024"
"12475","Republic-Franklin Insurance Company","0","0","0","0","0","5.1375235","27","2024"
"15210","Sterling Insurance Company","0","0","0","0","0","5.1185415","28","2024"
"12287","Amica Property and Casualty Insurance Company","0","0","1","1","2","5.099144","29","2024"
"29939","Main Street America Assurance Company","0","0","1","1","2","5.0199355","30","2024"
"23582","Harleysville Insurance Company","0","0","0","2","2","4.6619335","31","2024"
"40754","Blue Ridge Indemnity Company","0","0","0","0","0","3.9486575","32","2024"
"25623","Phoenix Insurance Company","0","0","0","0","0","3.625442","33","2024"
"22748","Pacific Employers Insurance Company","0","0","0","0","0","3.61892","34","2024"
"14788","NGM Insurance Company","0","0","1","0","1","3.2400135","35","2024"
"10071","Encompass Insurance Company of America","0","0","1","2","3","3.1259725","36","2024"
"19062","Automobile Insurance Company of Hartford, Connecticut","0","0","0","1","1","2.99068","37","2024"
"28188","TravCo Insurance Company","0","0","0","0","0","2.946762","38","2024"
"25909","Unitrin Preferred Insurance Company","0","0","0","0","0","2.649295","39","2024"
"25682","Travelers Indemnity Company of Connecticut","0","0","0","1","1","2.635074","40","2024"
"10723","Nationwide Assurance Company","0","0","0","1","1","2.393677","41","2024"
"27138","Midvale Indemnity Company","0","0","1","1","2","2.350146","42","2024"
"11000","Sentinel Insurance Company, Ltd.","0","0","0","0","0","2.1969595","43","2024"
"20397","Vigilant Insurance Company","0","0","0","0","0","1.829101","44","2024"
"25615","Charter Oak Fire Insurance Company","0","0","1","0","1","1.6748375","45","2024"
"10226","Unitrin Direct Insurance Company","0","0","0","1","1","1.6685165","46","2024"
"10072","Encompass Property and Casualty Company","0","0","0","1","1","1.4119055","47","2024"
"32786","Progressive Specialty Insurance Company","0.006104117","2","20","52","74","327.647692","48","2024"
"35882","GEICO General Insurance Company","0.007385591","24","87","347","458","3249.570493","49","2024"
"14834","New York Central Mutual Fire Insurance Company","0.007523404","4","28","79","111","531.674247","50","2024"
"22063","Government Employees Insurance Company","0.008140362","7","25","107","139","859.9125975","51","2024"
"23760","Nationwide General Insurance Company","0.008176299","1","7","23","31","122.3047195","52","2024"
"10212","Allmerica Financial Alliance Insurance Company","0.009967019","1","3","10","14","100.330901","53","2024"
"27998","Travelers Home and Marine Insurance Company","0.012531936","1","3","6","10","79.79613","54","2024"
"15024","Preferred Mutual Insurance Company","0.012642615","1","2","9","12","79.097559","55","2024"
"22055","GEICO Indemnity Company","0.014320561","17","57","188","262","1187.104297","56","2024"
"11851","Progressive Advanced Insurance Company","0.015739826","11","51","160","222","698.864126","57","2024"
"16233","Erie Insurance Company of New York","0.015861","2","5","12","19","126.0954555","58","2024"
"30104","Hartford Underwriters Insurance Company","0.016322215","2","12","33","47","122.5323855","59","2024"
"26093","Nationwide Affinity Insurance Company of America","0.017557482","1","0","13","14","56.955775","60","2024"
"24279","Progressive Max Insurance Company","0.017596576","5","21","65","91","284.1461865","61","2024"
"42919","Progressive Northwestern Insurance Company","0.022093321","1","4","8","13","45.262547","62","2024"
"29688","Allstate Fire and Casualty Insurance Company","0.02278809","37","94","260","391","1623.655174","63","2024"
"38130","Travelers Personal Insurance Company","0.023063841","12","19","48","79","520.294941","64","2024"
"29424","Hartford Casualty Insurance Company","0.023250255","1","2","3","6","43.0102805","65","2024"
"12873","Privilege Underwriters Reciprocal Exchange","0.02330738","1","1","1","3","42.9048645","66","2024"
"43478","Utica National Insurance Company of Texas","0.02446805","2","5","9","16","81.739249","67","2024"
"36587","Plymouth Rock Assurance Preferred Corporation","0.027393458","3","6","12","21","109.515199","68","2024"
"17230","Allstate Property and Casualty Insurance Company","0.028600007","4","9","25","38","139.860105","69","2024"
"21687","Mid-Century Insurance Company","0.031576413","1","3","15","19","31.6692085","70","2024"
"25178","State Farm Mutual Automobile Insurance Company","0.033315374","91","187","569","847","2731.471654","71","2024"
"12583","Adirondack Insurance Exchange","0.034911735","2","3","22","27","57.2873275","72","2024"
"41513","Foremost Signature Insurance Company","0.036302123","1","0","10","11","27.5465985","73","2024"
"26263","Erie Insurance Company","0.038934335","4","7","27","38","102.737083","74","2024"
"13026","Main Street America Protection Insurance Company","0.040299093","3","4","11","18","74.4433625","75","2024"
"34339","Farmers Group Property and Casualty Insurance Company","0.04086907","5","8","25","38","122.341907","76","2024"
"26298","Farmers Property and Casualty Insurance Company","0.042895518","5","3","16","24","116.5622955","77","2024"
"19976","Amica Mutual Insurance Company","0.043318679","4","2","9","15","92.3389195","78","2024"
"25941","United Services Automobile Association","0.043349028","6","12","27","45","138.4114065","79","2024"
"11252","Encompass Home and Auto Insurance Company","0.043842645","1","2","6","9","22.808843","80","2024"
"25143","State Farm Fire and Casualty Company","0.044756317","14","19","64","97","312.8050045","81","2024"
"37770","CSAA General Insurance Company","0.044811736","1","2","9","12","22.3155825","82","2024"
"10839","Country-Wide Insurance Company","0.04791821","4","15","93","112","83.475572","83","2024"
"19232","Allstate Insurance Company","0.050358628","24","15","93","132","476.5816885","84","2024"
"24260","Progressive Casualty Insurance Company","0.058523331","40","64","137","241","683.488099","85","2024"
"10052","Chubb National Insurance Company","0.059364365","5","0","1","6","84.2256125","86","2024"
"36145","Travelers Personal Security Insurance Company","0.060902334","3","1","6","10","49.259196","87","2024"
"13803","Farm Family Casualty Insurance Company","0.06092489","1","0","2","3","16.413653","88","2024"
"19070","Standard Fire Insurance Company","0.061178995","7","3","12","22","114.4183555","89","2024"
"23035","Liberty Mutual Fire Insurance Company","0.066675282","7","4","14","25","104.986433","90","2024"
"36447","LM General Insurance Company","0.069962558","45","71","172","288","643.201184","91","2024"
"19704","American States Insurance Company","0.078666093","16","17","39","72","203.3913145","92","2024"
"29963","United Farm Family Insurance Company","0.080898049","1","1","3","5","12.3612375","93","2024"
"18279","Bankers Standard Insurance Company","0.083247748","1","0","0","1","12.012337","94","2024"
"11185","Foremost Insurance Company Grand Rapids, Michigan","0.085066557","1","1","3","5","11.755501","95","2024"
"11215","SAFECO Insurance Company of Indiana","0.091415997","1","0","3","4","10.9390045","96","2024"
"12130","New South Insurance Company","0.097247026","5","5","14","24","51.415454","97","2024"
"18600","USAA General Indemnity Company","0.100885146","13","17","46","76","128.859406","98","2024"
"33600","LM Insurance Corporation","0.107341406","1","2","5","8","9.3160695","99","2024"
"25968","USAA Casualty Insurance Company","0.119119199","20","17","38","75","167.8990475","100","2024"
"16322","Progressive Direct Insurance Company","0.122365841","3","16","68","87","24.516646","101","2024"
"36137","Travelers Commercial Insurance Company","0.128601179","1","0","0","1","7.7759785","102","2024"
"40703","Unitrin Safeguard Insurance Company","0.137067061","4","6","9","19","29.1827955","103","2024"
"34789","21st Century Centennial Insurance Company","0.140410485","2","0","3","5","14.2439505","104","2024"
"30210","Esurance Property and Casualty Insurance Company","0.143465368","6","3","16","25","41.82194","105","2024"
"25674","Travelers Property Casualty Company of America","0.147580985","3","1","5","9","20.327822","106","2024"
"10791","Palisades Insurance Company","0.156003068","3","2","13","18","19.230391","107","2024"
"21253","Garrison Property and Casualty Insurance Company","0.158463893","18","24","33","75","113.590545","108","2024"
"42447","National General Assurance Company","0.164522852","1","0","2","3","6.078183","109","2024"
"12831","State National Insurance Company, Inc.","0.169307941","2","0","0","2","11.812795","110","2024"
"12777","Chubb Indemnity Insurance Company","0.18128218","1","1","2","4","5.516262","111","2024"
"18058","Philadelphia Indemnity Insurance Company","0.181490245","1","1","1","3","5.509938","112","2024"
"29742","Integon National Insurance Company","0.197521621","47","62","118","227","237.9486345","113","2024"
"40649","Economy Premier Assurance Company","0.205660518","1","0","0","1","4.862382","114","2024"
"10914","Kemper Independence Insurance Company","0.2099484","4","0","6","10","19.0523005","115","2024"
"23469","American Modern Home Insurance Company","0.212336022","1","0","1","2","4.7095165","116","2024"
"37648","Permanent General Assurance Corporation","0.231440212","3","1","4","8","12.962311","117","2024"
"25712","Esurance Insurance Company","0.250370772","14","8","22","44","55.91707","118","2024"
"25275","Plymouth Rock Assurance Corporation of New York","0.362487837","4","0","11","15","11.034853","119","2024"
"16063","Unitrin Auto and Home Insurance Company","0.385276356","1","0","0","1","2.5955395","120","2024"
"15130","Encompass Indemnity Company","0.400324263","1","0","1","2","2.497975","121","2024"
"19682","Hartford Fire Insurance Company","1.104343937","1","1","2","4","0.905515","122","2024"
"22268","Infinity Insurance Company","2.21619663","1","0","1","2","0.4512235","123","2024"
"36161","Travelers Property Casualty Insurance Company","2.55200345","1","0","5","6","0.391849","124","2024"
"19445","National Union Fire Insurance Company of Pittsburgh, Pa.","3.33098915","4","0","3","7","1.2008445","125","2024"
"10111","American Bankers Insurance Company of Florida","5.108300222","3","0","5","8","0.5872795","126","2024"
"20052","National Liability & Fire Insurance Company","5.924261867","5","0","0","5","0.843987","127","2024"
"23043","Liberty Mutual Insurance Company","42.01389399","20","1","30","51","0.476033","128","2024"
